Partition,Site,ES,EN,S,N,P[S],dS,dN,dN-dS,P [dN/dS > 1],P [dN/dS < 1],Total branch length
1,1,0,3,0,0,0,null,0,null,1,1,1.43010731175298
1,2,0.56631371867945,1.82031977341735,1,0,0.237285582622873,1.76580571336297,0,-1.23473651162478,1,0.237285582622873,1.43010731175298
1,3,0.839434937655323,2.16056506234468,1,3,0.279811645885108,1.19127755486704,1.38852564650118,0.13792537805597,0.687104375164918,0.730980118445544,1.43010731175298
1,4,1.05670070243057,1.94329929756943,2,0,0.352233567476857,1.89268351520889,0,-1.3234555894193,1,0.124068486057474,1.43010731175298
1,5,0.674661549171939,2.32533845082806,1,1,0.224887183057313,1.48222468173467,0.430044925135047,-0.73573482769618,0.949425754896547,0.399200121011172,1.43010731175298
1,6,0.906116422594736,2.09388357740526,1,3,0.302038807531579,1.1036109434331,1.43274441443282,0.230145995545102,0.648101834922331,0.762685046841162,1.43010731175298
1,7,0.67125409139887,2.32874590860113,2,2,0.223751363799623,2.97949766806199,0.858831353224531,-1.48287215750125,0.962711259117682,0.218291140660142,1.43010731175298
1,8,0.666911602017591,2.33308839798241,1,3,0.222303867339197,1.49944909786353,1.28584926426033,-0.149359304611467,0.784047523253856,0.634203321928543,1.43010731175298
1,9,0.87680687573441,2.01658636936699,3,2,0.303037576112016,3.42150601577709,0.991775026540421,-1.69898508263578,0.968056781523079,0.167121891524881,1.43010731175298
1,10,1.45465836350779,1.50626480038613,2,1,0.49128541437555,1.37489327403114,0.663893891528004,-0.497165056538038,0.881422685034942,0.486929445204352,1.43010731175298
1,11,0.634466517187297,1.7521669749095,1,0,0.26584162138355,1.57612730208866,0,-1.10210421912792,1,0.26584162138355,1.43010731175298
1,12,0.965072368821127,2.03492763117887,0,1,0.321690789607042,0,0.491417967242737,0.343623141567168,0.678309210392958,1,1.43010731175298
1,13,1,1.99750590996305,1,1,0.333610685028583,1,0.500624301040741,-0.349187571348852,0.888703910834759,0.555925280891926,1.43010731175298
1,14,1,1.99854608521137,2,3,0.333494957750335,2,1.50109122936873,-0.348861072544075,0.789883955173563,0.539413869594732,1.43010731175298
1,15,0.443122486983986,2.47345140147567,1,2,0.151932542747276,2.25671237496043,0.808586737870327,-1.01259928201823,0.937763776318264,0.390054270082481,1.43010731175298
1,16,1.0223088551881,1.91979327458916,1,2,0.347475651793739,0.978177969333939,1.04177883445706,0.044472792076815,0.721689968029088,0.722162946511535,1.43010731175298
1,17,0.848699532073228,2.15130046792677,2,1,0.282899844024409,2.35654660385442,0.46483511481021,-1.32277590184852,0.977358868660287,0.194814702567679,1.43010731175298
1,18,1,2,5,2,0.333333333333333,5,1,-2.79699290195008,0.993141289437586,0.045267489711934,1.43010731175298
1,19,1.36860995570365,1.60287975523547,2,2,0.460580412129749,1.461336731963,1.24775423325887,-0.149347183214057,0.744183261292375,0.626169514688173,1.43010731175298
1,20,0.98483871178694,1.88533066318457,5,3,0.343129126934091,5.07697345784443,1.5912328052484,-2.43739796583749,0.977146926061606,0.098347687721661,1.43010731175298
1,21,0.991903052869701,2.0080969471303,1,3,0.330634350956567,1.00816304285673,1.49395177572836,0.339686909422314,0.597390704682417,0.799250864043725,1.43010731175298
1,22,0.848699532073228,2.15130046792677,2,3,0.282899844024409,2.35654660385442,1.39450534443063,-0.672705643497862,0.85879414062213,0.436330089331632,1.43010731175298
1,23,0.644445338159508,2.23731166197856,0.166666666666667,2.83333333333333,0.223629312995034,0.258620331000695,1.26640082447328,0.704688721741641,0.53535499801651,0.532041447607542,1.43010731175298
1,24,0.882578351525506,2.1174216484745,1,3,0.294192783841835,1.13304388020796,1.41681747806884,0.198428184744433,0.661928900211025,0.751832802085502,1.43010731175298
1,25,0.713243850355744,2.16630471803677,0,2,0.247692939853383,0,0.92323115180791,0.64556774461648,0.565965912746445,1,1.43010731175298
1,26,0.841120618517034,2.15887938148297,3,3,0.280373539505678,3.56667038466998,1.38960982523223,-1.52230573296572,0.944032151064742,0.220239431173835,1.43010731175298
1,27,0.964258905071269,2.03574109492873,2,2,0.321419635023756,2.07413173939231,0.982443202125375,-0.763361272468973,0.899195030964684,0.386234323679771,1.43010731175298
1,28,0.831812111130364,2.16818788886964,2,2,0.277270703710121,2.4043891321589,0.922429283120238,-1.03625779468404,0.932465936257064,0.308474969509086,1.43010731175298
1,29,0.663473982544396,2.3365260174556,2,1,0.221157994181465,3.01443621395685,0.427985818488324,-1.80857084934286,0.989182972664692,0.125098520500492,1.43010731175298
1,30,1,1.99676333947448,3,1,0.333693350698612,3,0.500810476750434,-1.74755383928926,0.987600898611117,0.111431385771871,1.43010731175298
1,31,1,1.96495629434307,2,1,0.337273099744482,2,0.508917171785911,-1.04263702168361,0.9616341245811,0.264527680595952,1.43010731175298
1,32,0.613366507903205,2.3866334920968,0,0,0.204455502634401,0,0,0,1,1,1.43010731175298
1,33,0.617532797348348,2.26424594090803,1.5,1.5,0.214288761711798,2.42902078471122,0.662472204498447,-1.23525595995128,0.936040524881153,0.316513107592581,1.43010731175298
1,34,0.807521388414321,2.11162829905331,0,1,0.276628975855927,0,0.473568194008539,0.3311417193078,0.723371024144073,1,1.43010731175298
1,35,1,2,1,0,0.333333333333333,1,0,-0.699248225487519,1,0.333333333333333,1.43010731175298
1,36,0.519358924087503,2.06450469199575,0,1,0.201000904558102,0,0.484377683362542,0.338700235557013,0.798999095441898,1,1.43010731175298
1,37,0.660940180493397,2.27473077419154,2,2,0.225141097451206,3.02599245593903,0.879224927490953,-1.50112338480155,0.962059705816291,0.220542517919722,1.43010731175298
1,38,1,2,6,0,0.333333333333333,6,0,-4.19548935292512,1,0.001371742112483,1.43010731175298
1,39,0.804409762937488,2.19559023706251,3,1,0.268136587645829,3.729442553065,0.455458392517678,-2.28932761453696,0.994830788370906,0.061605476374089,1.43010731175298
1,40,0.879330978005596,2.11369490123118,0.5,2.5,0.293793309341457,0.568614108346378,1.18276294206123,0.429442482160337,0.57198934855273,0.647795027312787,1.43010731175298
1,41,0.530197862081264,1.91843660354525,1,1,0.216527974887263,1.88608832950505,0.521257777375604,-0.954355341667666,0.953115636091221,0.386171585865746,1.43010731175298
1,42,1.51593713993881,1.47370047543044,3,0,0.507063843505855,1.97897387758512,0,-1.38379397218755,1,0.130373081927856,1.43010731175298
1,43,1,2,3,1,0.333333333333333,3,0.5,-1.7481205637188,0.987654320987654,0.111111111111111,1.43010731175298
1,44,0.532189471038966,1.90624396618974,1,1,0.218250563215621,1.87903003426158,0.524591824413133,-0.947088514769019,0.952366691656064,0.388867818087306,1.43010731175298
1,45,0.726598176277903,2.15235967203061,1,1,0.252382360062966,1.3762765069445,0.464606363422784,-0.637483730087515,0.936303144329047,0.44106786445498,1.43010731175298
1,46,1.57195868177982,1.41782969712193,1,0,0.52577590202463,0.636149035970696,0,-0.444826084548105,1,0.52577590202463,1.43010731175298
1,47,0.885030553669223,2.11496944633078,2.5,1.5,0.295010184556408,2.82476123523117,0.709230103821274,-1.47928138960197,0.956224328476443,0.209742958926293,1.43010731175298
1,48,0.83432502229437,1.96557299290247,2.5,3.5,0.297984075764887,2.99643416318148,1.78065124655163,-0.850134047031462,0.839576805406232,0.413711749314043,1.43010731175298
1,49,0.715039440307908,2.28496055969209,1,1,0.238346480102636,1.39852425422769,0.437644315460199,-0.671893592089723,0.943190955422684,0.419883915627956,1.43010731175298
1,50,1,2,2,0,0.333333333333333,2,0,-1.39849645097504,1,0.111111111111111,1.43010731175298
1,51,0.58965561425015,1.84250603110488,1,1,0.242440964142446,1.69590516198455,0.542739064685904,-0.806349347228446,0.941222378905681,0.426104307190572,1.43010731175298
1,52,1.47791362943998,1.52208637056002,3,0,0.492637876479992,2.02988858092931,0,-1.4193959881522,1,0.119559309620634,1.43010731175298
1,53,0.654308635699253,2.34569136430075,1,0,0.218102878566418,1.52833073788077,0,-1.06868255642116,1,0.218102878566418,1.43010731175298
1,54,0.575999506114798,2.26618731801456,1,2,0.202660677062016,1.73611259972278,0.882539578304685,-0.596859420550623,0.893433045127036,0.493091528708715,1.43010731175298
1,55,0.770931298806333,2.22906870119367,2,1,0.256977099602111,2.59426488857916,0.44861784630707,-1.50033988683131,0.983029944240818,0.164171577641377,1.43010731175298
1,56,1,1.78467861852018,2,0,0.359107867367264,2,0,-1.39849645097504,1,0.128958460405064,1.43010731175298
1,57,1,2,1,0,0.333333333333333,1,0,-0.699248225487519,1,0.333333333333333,1.43010731175298
1,58,1.14058466613175,1.80669092631635,2,1,0.386996271761727,1.75348666292607,0.553498102765642,-0.8390898712975,0.942041072107416,0.333380487287261,1.43010731175298
1,59,1,1.99924609087395,1,0,0.33341712207037,1,0,-0.699248225487519,1,0.33341712207037,1.43010731175298
1,60,0.546137223593544,2.33344346407377,2,2,0.189658593673914,3.6620832889583,0.85710240286189,-1.96137790712932,0.976593236803752,0.165127161356711,1.43010731175298
1,61,0.933089921386673,2.05847988531169,1,1,0.311906451020267,1.07170807130131,0.485795371203533,-0.40969841583397,0.902714365811942,0.526527267852476,1.43010731175298
1,62,1.31091312958003,1.68873839932167,4,0,0.437021806349622,3.05130821390237,0,-2.13362185398673,1,0.036476438766565,1.43010731175298
1,63,1,2,2,1,0.333333333333333,2,0.5,-1.04887233823128,0.962962962962963,0.259259259259259,1.43010731175298
1,64,0.540790106929154,2.33834953021019,2,0,0.187830454609861,3.69829250641601,0,-2.58602447244518,1,0.035280279678947,1.43010731175298
1,65,1,1.87172603154433,1,2,0.348222633014274,1,1.06853244881669,0.047921193223381,0.72067325157593,0.723116021615697,1.43010731175298
1,66,0,3,0,0,0,null,0,null,1,1,1.43010731175298
1,67,1,2,4,0,0.333333333333333,4,0,-2.79699290195008,1,0.012345679012346,1.43010731175298
1,68,1,2,4,0,0.333333333333333,4,0,-2.79699290195008,1,0.012345679012346,1.43010731175298
1,69,0.71027453705764,2.28972546294236,2,2,0.236758179019213,2.8158126128034,0.87346716118095,-1.35818161033076,0.956340915020248,0.239582142874125,1.43010731175298
1,70,1,2,1,0,0.333333333333333,1,0,-0.699248225487519,1,0.333333333333333,1.43010731175298
1,71,0.462526730669117,2.42983836424162,0,1,0.159912983144125,0,0.411550008723363,0.287775613299184,0.840087016855875,1,1.43010731175298
1,72,1,1.98476038127626,7,1,0.335035269924217,7,0.503839158335563,-4.54242894101537,0.999841246163689,0.002679460433796,1.43010731175298
1,73,1,2,1,1,0.333333333333333,1,0.5,-0.34962411274376,0.888888888888889,0.555555555555555,1.43010731175298
1,74,0.957282730429954,2.04271726957005,0,2,0.319094243476651,0,0.979088016630398,0.684625558224901,0.463632649266634,1,1.43010731175298
1,75,0.845167877901343,2.15483212209866,1,1,0.281722625967114,1.18319688448539,0.464073275010431,-0.502845907831547,0.920632362018193,0.484077613952422,1.43010731175298
1,76,0.798614246637729,2.20138575336227,3,1,0.266204748879243,3.75650699024015,0.454259322098663,-2.30909082206823,0.994978156264174,0.06039283318261,1.43010731175298
1,77,0.597947541370573,2.28101030693794,0,1,0.207695830531832,0,0.438402227713917,0.306551979778732,0.792304169468168,1,1.43010731175298
1,78,0.665425665041723,2.33457433495828,2,0,0.221808555013908,3.0055949222737,0,-2.10165691593418,1,0.049199035077358,1.43010731175298
1,79,0.889017383767873,2.11098261623213,0,2,0.296339127922624,0,0.947426087084402,0.662486010174352,0.495138622892693,1,1.43010731175298
1,80,0.830007895490892,2.16110553693799,2,3,0.277491280167499,2.40961563241171,1.38817838773881,-0.714238180784386,0.865394222032664,0.425026739946569,1.43010731175298
1,81,1,2,2,0,0.333333333333333,2,0,-1.39849645097504,1,0.111111111111111,1.43010731175298
1,82,1,1.98476038127626,0,2,0.335035269924217,0,1.00767831667113,0.704617274794535,0.442178092244759,1,1.43010731175298
1,83,1.36773636984181,1.63226363015819,1,0,0.455912123280602,0.731135050620654,0,-0.51124488673822,1,0.455912123280602,1.43010731175298
1,84,0.62281749556848,2.37718250443152,1,0,0.20760583185616,1.60560679029616,0,-1.1227176989453,1,0.20760583185616,1.43010731175298
1,85,0.562778996512799,2.32727890369592,0,2,0.194729315448025,0,0.859372719283378,0.600914848991286,0.648460875398807,1,1.43010731175298
1,86,1.55795630779526,1.44204369220474,1,0,0.519318769265087,0.641866524110132,0,-0.448824027983852,1,0.519318769265087,1.43010731175298
1,87,0.775056874676621,2.22494312532338,1,0,0.258352291558874,1.29022789510413,0,-0.902189566126058,1,0.258352291558874,1.43010731175298
1,88,0.665425665041723,2.33457433495828,2,0,0.221808555013908,3.0055949222737,0,-2.10165691593418,1,0.049199035077358,1.43010731175298
1,89,0.636610408842097,2.16149712693406,0,0,0.227514632909028,0,0,0,1,1,1.43010731175298
1,90,0.532842300182053,2.3462973369573,3,0,0.185069974831604,5.63018363777615,0,-3.93689591788384,1,0.006338812383722,1.43010731175298
1,91,1.36018165521463,1.63981834478537,2,0,0.453393885071544,1.47039183504089,0,-1.02816888142368,1,0.205566015020269,1.43010731175298
1,92,1,2,3,0,0.333333333333333,3,0,-2.09774467646256,1,0.037037037037037,1.43010731175298
1,93,0.613366507903205,2.3866334920968,0,0,0.204455502634401,0,0,0,1,1,1.43010731175298
1,94,0.70273316950987,2.29726683049013,1,0,0.234244389836623,1.42301522596046,0,-0.995040871594576,1,0.234244389836623,1.43010731175298
1,95,0.661791041713821,2.33820895828618,2,0,0.220597013904607,3.0221019535421,0,-2.11319942825668,1,0.048663042543629,1.43010731175298
1,96,1,2,3,0,0.333333333333333,3,0,-2.09774467646256,1,0.037037037037037,1.43010731175298
1,97,1,2,5,0,0.333333333333333,5,0,-3.4962411274376,1,0.004115226337448,1.43010731175298
1,98,1,1.99232914968038,2,1,0.334187834953522,2,0.501925096142084,-1.04752621817003,0.962677398292614,0.260399323677996,1.43010731175298
1,99,1,2,4,0,0.333333333333333,4,0,-2.79699290195008,1,0.012345679012346,1.43010731175298
1,100,0.73148916837984,2.26851083162016,1,2,0.24382972279328,1.36707424146126,0.88163564049267,-0.339442080310432,0.850633983542802,0.567626759575069,1.43010731175298
1,101,0.660295169459479,2.33970483054052,1,3,0.220098389819826,1.51447420222475,1.28221302142071,-0.162408218526858,0.787598273234154,0.63003616900818,1.43010731175298
1,102,0.894265177662175,2.10573482233783,3,4,0.298088392554058,3.35470962633558,1.89957441818772,-1.01750071214181,0.876428928677187,0.348597193989414,1.43010731175298
1,103,0.986548380671411,1.87878523564387,0.833333333333333,3.16666666666667,0.344304891777341,0.844695860497176,1.6854862421683,0.587921182390506,0.508384870708741,0.815154971459061,1.43010731175298
1,104,0.973502534388597,2.0264974656114,1,2,0.324500844796199,1.02721869196575,0.986924500987023,-0.028175641539333,0.752438001174555,0.691770337565704,1.43010731175298
1,105,1,2,0,3,0.333333333333333,0,1.5,1.04887233823128,0.296296296296296,1,1.43010731175298
1,106,1,1.81784847846361,2,0,0.354880685616295,2,0,-1.39849645097504,1,0.125940301023491,1.43010731175298
1,107,0.541083776347081,1.84554971574972,2,0,0.226714230793647,3.69628528414256,0,-2.58462092583232,1,0.051399342444355,1.43010731175298
1,108,0.937316926868674,1.99412168077739,2.5,4.5,0.319746394969307,2.66718750972719,2.25663260340548,-0.287079789710651,0.724430574936663,0.55444060169856,1.43010731175298
1,109,0.623073559958561,2.37692644004144,1,0,0.207691186652854,1.60494693446229,0,-1.12225629592439,1,0.207691186652854,1.43010731175298
1,110,1.57811026970005,1.41319515781002,2,0,0.527565742764574,1.26733856207662,0,-0.886184240623977,1,0.278325612938737,1.43010731175298
1,111,0,3,0,0,0,null,0,null,1,1,1.43010731175298
1,112,0.848911225590672,2.15108877440933,4,2,0.282970408530224,4.71191790074021,0.929761720572961,-2.6446659974986,0.991681242518445,0.057764568491732,1.43010731175298
1,113,0.532189471038966,1.85444402105783,1,0,0.222987514757202,1.87903003426158,0,-1.31390841709516,1,0.222987514757202,1.43010731175298
1,114,1,2,1,0,0.333333333333333,1,0,-0.699248225487519,1,0.333333333333333,1.43010731175298
1,115,1.37000472820741,1.61978365069434,3,0,0.45822799294934,2.18977346445028,0,-1.53119520923652,1,0.096215457572526,1.43010731175298
1,116,0.663473982544396,2.3365260174556,2,3,0.221157994181465,3.01443621395685,1.28395745546497,-1.21003420111929,0.924539387120952,0.306535837855969,1.43010731175298
1,117,1,2,2,0,0.333333333333333,2,0,-1.39849645097504,1,0.111111111111111,1.43010731175298
1,118,1.36561606205735,1.63438393794265,3,0,0.455205354019115,2.19681071668152,0,-1.53611599537152,1,0.094323972818505,1.43010731175298
1,119,1,2,0,2,0.333333333333333,0,1,0.699248225487519,0.444444444444444,1,1.43010731175298
1,120,0.579144265630913,2.29999537150844,2,0,0.201151850420961,3.45337097971819,0,-2.41476352951804,1,0.040462066927777,1.43010731175298
1,121,1,1.91539078570397,4,1,0.343007189603412,4,0.52208667153657,-2.43192472332744,0.99525194090237,0.05022000232553,1.43010731175298
1,122,0.400462260160054,2.59953773983995,0,1,0.133487420053351,0,0.384683778455769,0.26898944945903,0.866512579946649,1,1.43010731175298
1,123,1.30104033816934,1.69895966183066,3,0,0.433680112723113,2.30584703024752,0,-1.61235944414624,1,0.081565879134378,1.43010731175298
1,124,0.674661549171939,2.32533845082806,1,2,0.224887183057313,1.48222468173467,0.860089850270094,-0.435026676915585,0.871024263722771,0.534312313378144,1.43010731175298
1,125,0.715603676967988,2.28439632303201,0,0,0.238534558989329,0,0,0,1,1,1.43010731175298
1,126,1.2456301380614,1.7543698619386,1,0,0.415210046020466,0.802806522934908,0,-0.56136103657204,1,0.415210046020466,1.43010731175298
1,127,1.61076629624842,1.38871868818347,1,1,0.537014288989181,0.6208225254831,0.720088242859365,0.0694113767271,0.711615653421444,0.785644231399807,1.43010731175298
1,128,0.958024176436929,2.03080327439074,2,1,0.320535123622353,2.08762998804307,0.492415987609638,-1.11545055907593,0.967067334966977,0.242362966360746,1.43010731175298
1,129,0.711837535673182,2.0773534480848,1,2,0.255212905755954,1.40481493302303,0.962763463215124,-0.309103705837328,0.837845002759952,0.586860777751242,1.43010731175298
1,130,0.621501926505075,2.04045617881525,2.33333333333333,2.66666666666667,0.233475472533888,3.75434609906117,1.30689729794394,-1.71137423115278,0.938065650659051,0.250530600332562,1.43010731175298
1,131,0.707192767177557,2.27363826836722,2,2,0.237246847857081,2.82808322260153,0.879647403822186,-1.36244028875778,0.956089596230073,0.240391229415309,1.43010731175298
1,132,0.939856010892713,2.06014398910729,0,3,0.313285336964238,0,1.4562088940686,1.01825148511661,0.32383886017256,1,1.43010731175298
1,133,1,1.84641404402533,3,0,0.35131923344006,3,0,-2.09774467646256,1,0.043361647980898,1.43010731175298
1,134,1,2,4,3,0.333333333333333,4,1.5,-1.7481205637188,0.954732510288066,0.173296753543667,1.43010731175298
1,135,0.838559554717267,2.16144044528273,4,4,0.279519851572422,4.77008457836803,1.85061772519796,-2.0414320164488,0.956525060440174,0.158617728479592,1.43010731175298
1,136,0.662131358472981,2.33786864152702,4,0,0.220710452824327,6.04109735751659,0,-4.22422660724082,1,0.002372966499943,1.43010731175298
1,137,1,2,0,0,0.333333333333333,0,0,0,1,1,1.43010731175298
1,138,0.645930939076632,2.23209013496151,1,4,0.224435791976439,1.54815312211165,1.79204232721049,0.170539093880924,0.68660738454441,0.719399273082374,1.43010731175298
1,139,0.654195460502604,2.34530408750676,2,1,0.218101536616921,3.05719027530922,0.42638394113877,-1.83958666077002,0.989625284977872,0.12195541077973,1.43010731175298
1,140,0.626237015361323,2.37376298463868,1,0,0.208745671787108,1.59683949602217,0,-1.11658718398188,1,0.208745671787108,1.43010731175298
1,141,0,3,0,0,0,null,0,null,1,1,1.43010731175298
1,142,1,2,1,0,0.333333333333333,1,0,-0.699248225487519,1,0.333333333333333,1.43010731175298
1,143,0.256113958262205,2.74388604173779,0.5,2.5,0.085371319420735,1.95225595431276,0.91111655585254,-0.728014876858454,0.872254125148178,0.234871380281853,1.43010731175298
1,144,1.61336650790321,1.3866334920968,0,0,0.537788835967735,0,0,0,1,1,1.43010731175298
1,145,0.633684263653157,2.2055240394377,0,4,0.223190479882475,0,1.81362793081131,1.26817611231441,0.364131422352987,1,1.43010731175298
1,146,0.56631371867945,2.3128259184599,1,0,0.196695468109399,1.76580571336297,0,-1.23473651162478,1,0.196695468109399,1.43010731175298
1,147,0.864428984311759,2.13557101568824,1,1,0.288142994770586,1.15683302867983,0.468258836935809,-0.481484281693509,0.916973614564638,0.49325960410581,1.43010731175298
1,148,1,2,1,0,0.333333333333333,1,0,-0.699248225487519,1,0.333333333333333,1.43010731175298
1,149,0.530825150851379,1.86680651630541,2,1,0.221395620571217,3.76771898767841,0.535674153301703,-2.26000161513402,0.989148067655256,0.125344197734855,1.43010731175298
1,150,0.6136891435777,2.3863108564223,0,1,0.204563047859233,0,0.419056887458183,0.293024784933458,0.795436952140767,1,1.43010731175298
1,151,0,3,0,0,0,null,0,null,1,1,1.43010731175298
1,152,0.664878702006015,2.33512129799399,3,0,0.221626234002005,4.51210121627999,0,-3.15507876870386,1,0.010885878938329,1.43010731175298
1,153,0.613366507903205,2.3866334920968,0,0,0.204455502634401,0,0,0,1,1,1.43010731175298
1,154,0.627000481191989,2.37299951880801,2,0,0.20900016039733,3.18979021546811,0,-2.23045514784352,1,0.04368106704611,1.43010731175298
1,155,0.810768761934232,2.13649969084835,1.5,2.5,0.275091589016524,1.85009594649587,1.17013824561206,-0.475459215749579,0.814609175315981,0.51427461916762,1.43010731175298
1,156,1,1.99739183824906,1,3,0.333623381247396,1,1.50195867558458,0.35099371317058,0.592076951954064,0.802812672017493,1.43010731175298
1,157,0.519358924087503,1.86727456800929,0,0,0.217611512537359,0,0,0,1,1,1.43010731175298
1,158,0.674661549171939,2.32533845082806,1,0,0.224887183057313,1.48222468173467,0,-1.03644297847678,1,0.224887183057313,1.43010731175298
1,159,1,2,4,0,0.333333333333333,4,0,-2.79699290195008,1,0.012345679012346,1.43010731175298
1,160,0.857550698938755,2.10393953404668,4,4,0.289567289261079,4.66444725069914,1.90119532204734,-1.93219900768474,0.949769913218604,0.175598416782458,1.43010731175298
1,161,1.00139298787088,1.99860701212912,3,3,0.333797662623625,2.99582684953535,1.50104546906602,-1.04522322778496,0.899403590065244,0.320533424536618,1.43010731175298
1,162,0.614555301989134,2.38544469801087,1,0,0.204851767329711,1.62719286085938,0,-1.13781172048188,1,0.204851767329711,1.43010731175298
1,163,0.976050246686033,1.91532333167464,0.833333333333333,2.16666666666667,0.337573205341188,0.853781182026987,1.13122762660248,0.194003934037237,0.661004630059388,0.709320989569678,1.43010731175298
1,164,1,2,6,0,0.333333333333333,6,0,-4.19548935292512,1,0.001371742112483,1.43010731175298
1,165,1,1.8745361213711,2,1,0.347882217435146,2,0.533465313684416,-1.02547177702207,0.957898585337704,0.278863282298189,1.43010731175298
1,166,0,1.961282151825,0,0,0,null,0,null,1,1,1.43010731175298
1,167,0.717842342913294,2.26872713266462,1,4,0.24035682035302,1.393063546435,1.76310317023537,0.258749550302481,0.653146769800551,0.747042118925639,1.43010731175298
1,168,0.613366507903205,2.3866334920968,0,2,0.204455502634401,0,0.838000474988258,0.585970345093238,0.632891047288683,1,1.43010731175298
1,169,0.624114423777078,2.17399311199908,2,0,0.223048762707384,3.2045405839144,0,-2.24076931680488,1,0.049750750545295,1.43010731175298
1,170,1.23849803059234,1.76150196940766,3,0,0.412832676864113,2.4222888740204,0,-1.69378119677693,1,0.070359411263743,1.43010731175298
1,171,0.532189471038966,2.34695016610038,1,0,0.184843230308808,1.87903003426158,0,-1.31390841709516,1,0.184843230308808,1.43010731175298
1,172,0.639441507044551,2.15894614346414,0,2,0.228503548080021,0,0.926377902503345,0.647768104456314,0.595206775325117,1,1.43010731175298
1,173,0.625614578984058,2.37438542101594,1,1,0.208538192994686,1.59842822337023,0.421161615611725,-0.823201586400843,0.956511822062511,0.373588208051883,1.43010731175298
1,174,0.634892341990891,2.36510765800911,3,0,0.21163078066363,4.72521056182946,0,-3.30409510041413,1,0.009478432069482,1.43010731175298
1,175,0.768198630001862,2.2262568377615,1,2,0.256540342066149,1.30174665893062,0.898368942017938,-0.282061152752396,0.836328510604386,0.589065860839514,1.43010731175298
1,176,1.2456301380614,1.7543698619386,2,0,0.415210046020466,1.60561304586982,0,-1.12272207314408,1,0.172399382316317,1.43010731175298
1,177,0.705178998751842,2.29482100124816,2,0,0.235059666250614,2.83615933477879,0,-1.98317938204393,1,0.05525304669785,1.43010731175298
1,178,1,1.99686283993497,2,1,0.333682271565588,2,0.50078552217065,-1.04832306324737,0.962846528418502,0.259724631908517,1.43010731175298
1,179,0.575720018416183,2.19286369584517,0,2,0.207947484286124,0,0.912049391756273,0.637748918742545,0.627347187648679,1,1.43010731175298
1,180,0.623779861890634,2.17529212660761,1,2,0.222852382666051,1.60312966335442,0.919416742025827,-0.478085046981908,0.873145564595553,0.530635153606025,1.43010731175298
1,181,1,2,6,0,0.333333333333333,6,0,-4.19548935292512,1,0.001371742112483,1.43010731175298
1,182,1,2,2,0,0.333333333333333,2,0,-1.39849645097504,1,0.111111111111111,1.43010731175298
1,183,0.579866219123125,1.88978906097988,1,2,0.23479642029188,1.7245357067225,1.05831917503162,-0.465850727575294,0.86050027533822,0.551945360071929,1.43010731175298
1,184,0.623620522994269,2.37637947700573,2,0,0.207873507664756,3.20707854577515,0,-2.24254398213237,1,0.04321139518885,1.43010731175298
1,185,1,2,2,0,0.333333333333333,2,0,-1.39849645097504,1,0.111111111111111,1.43010731175298
1,186,1,1.8750081249859,2,1,0.347825103974238,2,0.533331022236248,-1.0255656800789,0.957919317895742,0.278785544655554,1.43010731175298
1,187,1,2,3,2,0.333333333333333,3,1,-1.39849645097504,0.954732510288066,0.209876543209876,1.43010731175298
1,188,1,2,2,0,0.333333333333333,2,0,-1.39849645097504,1,0.111111111111111,1.43010731175298
1,189,0.615235869421544,2.38476413057846,1,0,0.205078623140515,1.62539287727196,0,-1.13655308515247,1,0.205078623140515,1.43010731175298
1,190,0.864428984311759,2.13557101568824,2,2,0.288142994770586,2.31366605735966,0.936517673871617,-0.962968563387017,0.924986256658095,0.327450683892979,1.43010731175298
1,191,0.781238345886829,2.21876165411317,4,0,0.260412781962276,5.12007637753542,0,-3.58020432135221,1,0.004598849406009,1.43010731175298
1,192,1,2,4,1,0.333333333333333,4,0.5,-2.44736878920632,0.995884773662552,0.045267489711934,1.43010731175298
1,193,0.56845761033425,1.81817588176255,2,0,0.238183873735396,3.51829224139335,0,-2.46015960654081,1,0.056731557707599,1.43010731175298
1,194,0.576825067298687,1.80980842479811,2,0,0.241689840190717,3.46725569567589,0,-2.42447239251286,1,0.058413978851414,1.43010731175298
1,195,1.26643296514978,1.72513684154859,3,0,0.423333917301256,2.36885810978964,0,-1.65641982970213,1,0.075866350998091,1.43010731175298
1,196,1,2,1,0,0.333333333333333,1,0,-0.699248225487519,1,0.333333333333333,1.43010731175298
1,197,0.625827493057374,2.14555537303353,1,3,0.225817767986751,1.59788441877916,1.39823937322037,-0.139601443834358,0.77835915626,0.640769833962786,1.43010731175298
1,198,0.576905963527339,1.80972752856946,2,0,0.241723735729734,3.4667695022106,0,-2.42413242259501,1,0.058430364415139,1.43010731175298
1,199,0.530491531499191,1.89417936076202,1,1,0.218789087291126,1.88504422902654,0.527933109564504,-0.948957542073207,0.952131335282316,0.389709509864568,1.43010731175298
1,200,0.742606086534653,2.25739391346535,0,3,0.247535362178218,0,1.32896610649343,0.929277191698585,0.426047758784635,1,1.43010731175298
1,201,0.772900236398401,2.2237058964893,1.5,5.5,0.257925200084133,1.94074206393024,2.47334866030764,0.372424217399847,0.582597810713029,0.72533543630766,1.43010731175298
1,202,1,2,3,3,0.333333333333333,3,1.5,-1.04887233823128,0.899862825788752,0.319615912208505,1.43010731175298
1,203,0.882578351525506,2.1174216484745,2,1,0.294192783841835,2.26608776041591,0.472272492689613,-1.25432214281003,0.974537792820309,0.208723767834444,1.43010731175298
1,204,0.965376343285836,2.03462365671417,1,2,0.321792114428612,1.03586544973364,0.982982770990641,-0.036978119270069,0.755992758305324,0.688047475075842,1.43010731175298
1,205,1.25846845275396,1.73972099629404,2,3,0.419742806163751,1.58923332215704,1.72441443564262,0.094525153724216,0.647917447249636,0.696296230443463,1.43010731175298
1,206,1,2,4,1,0.333333333333333,4,0.5,-2.44736878920632,0.995884773662552,0.045267489711934,1.43010731175298
1,207,0.972997590433335,2.02308532464188,3,2,0.324756563157034,3.08325532303109,0.988589050416861,-1.46469167411405,0.958833139168963,0.197335761599701,1.43010731175298
1,208,0.963397491114974,2.03660250888503,1.83333333333333,3.16666666666667,0.321132497038325,1.90298744831851,1.55487713132609,-0.243415521430844,0.754088029931183,0.571620519682601,1.43010731175298
1,209,1,1.97458401391294,4,0,0.33618146111279,4,0,-2.79699290195008,1,0.012773062626974,1.43010731175298
1,210,1,2,2,0,0.333333333333333,2,0,-1.39849645097504,1,0.111111111111111,1.43010731175298
1,211,1.43819947569779,1.51860242555496,4,0,0.486403730695806,2.78125535962893,0,-1.94478787484818,1,0.055974160556112,1.43010731175298
1,212,0.999437262956385,2.00056273704361,2,1,0.333145754318795,2.0011261077898,0.499859355312084,-1.04975811265345,0.963025454121856,0.259009189105629,1.43010731175298
1,213,0.667480414429088,2.33251958557091,3,0,0.222493471476363,4.49451389905721,0,-3.14278086834474,1,0.01101417104528,1.43010731175298
1,214,0.790821265231297,2.20001390383059,2,5,0.264414860909686,2.52901646418808,2.27271290935669,-0.179219805901993,0.725935527811102,0.590260018430815,1.43010731175298
1,215,0.992382174869235,1.96041586170115,5,3,0.336081967875414,5.03838150927977,1.53028755714961,-2.45302847087052,0.979479760290282,0.090788221060685,1.43010731175298
1,216,1.00331529833544,1.86970709633156,2,3,0.349219449245444,1.99339131309781,1.6045293970837,-0.271911004732543,0.766041327206814,0.570083460952336,1.43010731175298
1,217,1.30940656123126,1.68797212944963,2,5,0.436850560558904,1.52740948397216,2.96213421582398,1.00322872281044,0.342488479195136,0.884499767429392,1.43010731175298
1,218,1,2,1,0,0.333333333333333,1,0,-0.699248225487519,1,0.333333333333333,1.43010731175298
1,219,0.703447813085631,2.29655218691437,3,1,0.234482604361877,4.2647086879703,0.435435347691181,-2.67761258809684,0.996976969586978,0.042500285026582,1.43010731175298
1,220,1,2,1,0,0.333333333333333,1,0,-0.699248225487519,1,0.333333333333333,1.43010731175298
1,221,1.4901884009819,1.5098115990181,2,2,0.496729466993968,1.34211217768315,1.32466858865086,-0.012197398676966,0.692389685307303,0.682578226220742,1.43010731175298
1,222,0.777114002588426,2.22288599741157,1,0,0.259038000862809,1.2868124839717,0,-0.899801345952396,1,0.259038000862809,1.43010731175298
1,223,0.656852159672155,2.32105523530206,1,1,0.220575079258918,1.52241259357222,0.430838518959185,-0.763281234661347,0.951346634409922,0.392496792927758,1.43010731175298
1,224,1,2,1,0,0.333333333333333,1,0,-0.699248225487519,1,0.333333333333333,1.43010731175298
1,225,0.626237015361323,2.37376298463868,1,0,0.208745671787108,1.59683949602217,0,-1.11658718398188,1,0.208745671787108,1.43010731175298
1,226,1,2,2,0,0.333333333333333,2,0,-1.39849645097504,1,0.111111111111111,1.43010731175298
1,227,1,2,3,0,0.333333333333333,3,0,-2.09774467646256,1,0.037037037037037,1.43010731175298
1,228,1,2,2,0,0.333333333333333,2,0,-1.39849645097504,1,0.111111111111111,1.43010731175298
1,229,1,1.99568293439325,4,3,0.333813698545684,4,1.50324480321925,-1.74585164082568,0.954455157994274,0.174035560470703,1.43010731175298
1,230,0.656083777473251,2.34391622252675,0,5,0.218694592491083,0,2.13318204462529,1.49162375934607,0.291141523734952,1,1.43010731175298
1,231,0.698388900966455,2.30161109903355,3,4,0.232796300322151,4.29560091211143,1.73791306519143,-1.78845868830981,0.944236971145326,0.208744566022843,1.43010731175298
1,232,0.865593046481468,2.13440695351853,3.5,3.5,0.288531015493823,4.04347055955114,1.63979975525769,-1.68076254455835,0.932024110328614,0.21936111046748,1.43010731175298
1,233,0.732486036382988,2.26751396361701,0,2,0.244162012127663,0,0.882023234295638,0.616753181419988,0.571291063910904,1,1.43010731175298
1,234,0.985939050087525,2.00851641767584,0,6,0.329254871445441,0,2.98727953986203,2.08884991728369,0.091063672956728,1,1.43010731175298
1,235,0.74592430471807,2.25407569528193,1.5,4.5,0.248641434906023,2.0109279058375,1.99638371036921,-0.010170002872344,0.684936114479518,0.641457977941239,1.43010731175298
1,236,0.973709892736544,2.02517588304587,2,3,0.324690556939435,2.05399987708776,1.48135281736023,-0.400422440345122,0.802759451541891,0.521914752216721,1.43010731175298
1,237,0.625314681537185,2.34926933237576,2,1,0.21021920329445,3.19838964132984,0.425664263445148,-1.93882330025008,0.990709969122058,0.113996278545376,1.43010731175298
1,238,1.00724655373231,1.99275344626769,1.5,4.5,0.335748851244103,1.4892083715172,2.25818201866781,0.53770345821673,0.51100803579014,0.783843970299098,1.43010731175298
1,239,1,1.99940506569183,3,0,0.333399450257094,3,0,-2.09774467646256,1,0.037059080383361,1.43010731175298
1,240,0.621547990194454,1.76508550190234,3,0,0.260428755505475,4.82665867692926,0,-3.37503251487672,1,0.01766309508373,1.43010731175298
1,241,1.31731384881712,1.60967633968713,3,0,0.450057487035955,2.27736161939985,0,-1.59244107115873,1,0.091159927835958,1.43010731175298
1,242,0.773874092189036,2.22612590781097,0,0,0.257958030729678,0,0,0,1,1,1.43010731175298
1,243,0.992025558602385,2.00365737579087,3.5,2.5,0.331151720768911,3.52813490504315,1.24771831262479,-1.59457725562083,0.942351647058902,0.206655135611784,1.43010731175298
1,244,0.568820906622894,2.06450680362423,2,1,0.216008400477248,3.51604516766807,0.484377187929101,-2.11988845509981,0.989921128156272,0.119821143542761,1.43010731175298
1,245,1.47547476792643,1.5239237822507,3,0,0.491923545085163,2.03324385154757,0,-1.42174215517805,1,0.11903997567978,1.43010731175298
1,246,0.736791812589033,2.26320818741097,1,0,0.245597270863011,1.35723549436044,0,-0.949044511000214,1,0.245597270863011,1.43010731175298
1,247,0.615552644805331,2.38444735519467,1,0,0.20518421493511,1.6245564184299,0,-1.13596819279147,1,0.20518421493511,1.43010731175298
1,248,1.03197643338783,1.92824902432509,5,2,0.348614133663028,4.84507188171511,1.03721043017254,-2.66264036289347,0.991189462844869,0.054690273058129,1.43010731175298
1,249,0.992973587328808,2.00702641267119,2,2,0.330991195776269,2.01415226499648,0.996499093072801,-0.711592174629378,0.890959817813216,0.403243658788433,1.43010731175298
1,250,1.14086894678372,1.75710483265027,1,2,0.393678146738287,0.876524865383659,1.13823601349008,0.183001055903719,0.65707898388346,0.777100207327653,1.43010731175298
1,251,1,1.93572277002407,2,2,0.340631618969867,2,1.03320580352275,-0.676029126298349,0.882295002443644,0.420380590967428,1.43010731175298
1,252,1,2,2,1,0.333333333333333,2,0.5,-1.04887233823128,0.962962962962963,0.259259259259259,1.43010731175298
1,253,0.999752216811845,1.98175060976643,3,1,0.335318218684774,3.00074353379964,0.504604360948253,-1.74542088718622,0.987357626943136,0.112883333138877,1.43010731175298
1,254,1,1.89789428493619,4,0,0.345078150434331,4,0,-2.79699290195008,1,0.014179791547839,1.43010731175298
1,255,1.5779159731192,1.41365383357916,2,0,0.527454171246855,1.26749461572813,0,-0.88629336086288,1,0.278207902765707,1.43010731175298
1,256,1,1.90437383439558,3,0,0.344308293979693,3,0,-2.09774467646256,1,0.040817128945068,1.43010731175298
1,257,1,1.9919030528697,4,1,0.334235428865532,4,0.502032465164063,-2.44594759154698,0.995828786537733,0.045714477610569,1.43010731175298
1,258,1,2,3,0,0.333333333333333,3,0,-2.09774467646256,1,0.037037037037037,1.43010731175298
1,259,1.01402074552846,1.98597925447154,2,3,0.338006915176153,1.97234623534028,1.51058979757484,-0.322882369714922,0.783151435889632,0.548293608014922,1.43010731175298
1,260,0.656043033827007,2.34395696617299,0,4,0.218681011275669,0,1.70651597180594,1.19327826505141,0.372660632825855,1,1.43010731175298
1,261,0.966895607842898,2.01826678257592,2,3,0.323900505696523,2.06847562836893,1.48642390882096,-0.40699863203588,0.803897529148475,0.520333881215583,1.43010731175298
1,262,1.06711921639695,1.93288078360305,2,4,0.355706405465649,1.87420483978619,2.06944992879678,0.13652478202581,0.635532087307271,0.691514698750997,1.43010731175298
1,263,0.537087249464143,1.91323560469294,0,2,0.219190401196704,0,1.04534956128468,0.730958825742471,0.609663629583365,1,1.43010731175298
1,264,1,2,3,3,0.333333333333333,3,1.5,-1.04887233823128,0.899862825788752,0.319615912208505,1.43010731175298
1,265,0.950190229771046,2.04667261016392,3,5,0.317061634289431,3.157262520709,2.44298964825622,-0.499454038576482,0.773830203981231,0.491341184889824,1.43010731175298
1,266,1,2,2,4,0.333333333333333,2,2,0,0.680384087791495,0.648834019204389,1.43010731175298
1,267,0.841920504381432,2.13296405291643,0.5,5.5,0.283009470843522,0.593880297959194,2.57857135120481,1.38779169712295,0.296731810165537,0.864143471113477,1.43010731175298
1,268,1.06711921639695,1.93288078360305,4,3,0.355706405465649,3.74840967957237,1.55208744659758,-1.53577442400641,0.940502442362722,0.209357730442222,1.43010731175298
1,269,0.794650600580008,2.2030068008398,1.5,7.5,0.265090533762674,1.88762205541047,3.40443796957002,1.06063083636729,0.411990516434315,0.835965005702727,1.43010731175298
1,270,0.98574718850948,2.01155463544082,3,6,0.328878186585264,3.04337667402959,2.98276760386631,-0.04238078476012,0.661220948407652,0.611797895094202,1.43010731175298
1,271,0.742434027411031,2.23547336756318,2,5,0.249314007770702,2.69384204677993,2.23666274559573,-0.319681815082676,0.757831790242654,0.553342863616045,1.43010731175298
1,272,0.519358924087503,1.86727456800929,0,0,0.217611512537359,0,0,0,1,1,1.43010731175298
1,273,0.700977819206034,2.29902218079397,3,1,0.233659273068678,4.27973598850527,0.434967530263083,-2.68844752183623,0.997019205165522,0.042085675206436,1.43010731175298
1,274,1.50117023940746,1.49020322827725,2,0,0.501833106305295,1.33229393142609,0,-0.931604167377483,1,0.251836466584021,1.43010731175298
1,275,0.8489299355577,2.1510700644423,2,2,0.2829766451859,2.35590702628022,0.929769807622948,-0.997223919447805,0.928598088166717,0.318414474202906,1.43010731175298
1,276,0.5216691256749,1.8649643664219,1,0,0.218579487551138,1.91692387144105,0,-1.34040561549982,1,0.218579487551138,1.43010731175298
1,277,1.33269013699841,1.59219371562867,4,1,0.455638652386627,3.00144789021184,0.628064280234365,-1.65958427767791,0.980361749587907,0.136949461863318,1.43010731175298
1,278,1.28786573200358,1.70350773568113,3,0,0.430526561098496,2.32943537936427,0,-1.62885355540831,1,0.079799441261235,1.43010731175298
1,279,0.963290538377979,2.03670946162202,2,1,0.321096846125993,2.07621680097436,0.490988046573715,-1.10846839350644,0.966893892601943,0.243097338980066,1.43010731175298
1,280,1,1.98133669773385,1,0,0.335420015042284,1,0,-0.699248225487519,1,0.335420015042284,1.43010731175298
1,281,1.31135076445566,1.61416886247179,2,0,0.448245416775041,1.52514495298304,0,-1.06645490198464,1,0.200923953659831,1.43010731175298
1,282,1.53455503738066,1.46295067772726,2,2,0.51194399051393,1.30330939671855,1.36710008782187,0.044605527556619,0.669373494753024,0.705198650628172,1.43010731175298
1,283,0.660496846693311,1.89102676962843,2,3,0.258863701071864,3.02802354017696,1.58643973114642,-1.00802492035615,0.886915892098506,0.385879208116383,1.43010731175298
1,284,0.653295253868526,2.22966670221015,1.5,3.5,0.22660557573126,2.29605219250815,1.56974134139898,-0.507871573790418,0.800833124621816,0.520620735333229,1.43010731175298
1,285,1,2,2,0,0.333333333333333,2,0,-1.39849645097504,1,0.111111111111111,1.43010731175298
1,286,1.34229206787838,1.65770793212162,3,0,0.447430689292794,2.23498303520617,0,-1.56280792136263,1,0.089573038617073,1.43010731175298
1,287,0.635166245368025,2.16294129040813,1,0,0.226998511403472,1.57439096817965,0,-1.1008900907232,1,0.226998511403472,1.43010731175298
1,288,0.990464029045202,2.00553040261843,2,1,0.330596084751469,2.0192555623933,0.498621211971852,-1.06330087114756,0.963867907136035,0.255617128031073,1.43010731175298
1,289,1,2,0,0,0.333333333333333,0,0,0,1,1,1.43010731175298
1,290,0.99556979828883,2.00443020171117,3,1,0.33185659942961,3.01334974720643,0.498894897485732,-1.75822809173568,0.987871646841198,0.109802820224024,1.43010731175298
1,291,0.473365668662879,2.18704874043305,1,4,0.177929298174167,2.11253174068308,1.82894872256389,-0.198294922198234,0.781751448468002,0.624555408663622,1.43010731175298
1,292,0.765705262793475,2.23037765228174,3.5,2.5,0.255568782472849,4.57094938492543,1.12088641017472,-2.41245041291463,0.977120173022808,0.109475946603218,1.43010731175298
1,293,1,2,1,1,0.333333333333333,1,0.5,-0.34962411274376,0.888888888888889,0.555555555555555,1.43010731175298
1,294,1,1.99470857542163,6,0,0.333922308236356,6,0,-4.19548935292512,1,0.001386349093377,1.43010731175298
1,295,0.571766054179246,2.07751058013125,1,2,0.215819687070186,1.74896706911968,0.962690644816666,-0.549802394436554,0.880370546063264,0.517777128251579,1.43010731175298
1,296,0.975255587737902,2.0247444122621,3,3,0.325085195912634,3.07611669978582,1.48166849199911,-1.11491507992662,0.907808012804241,0.30342823112062,1.43010731175298
1,297,1,2,4,2,0.333333333333333,4,1,-2.09774467646256,0.982167352537723,0.100137174211248,1.43010731175298
1,298,0.966544949622867,2.03345505037713,1,4,0.322181649874289,1.03461303107547,1.96709536277094,0.65203661573652,0.48311131037574,0.856924059257275,1.43010731175298
1,299,0.648294139082077,2.35170586091792,0,2,0.216098046360692,0,0.850446492155849,0.594673200512063,0.614502272919523,1,1.43010731175298
1,300,1.38098183685765,1.61039163082705,3,1,0.461654772222915,2.17236745620517,0.620966962853892,-1.08481404199634,0.954577679509707,0.257293969538932,1.43010731175298
1,301,0.576600741658011,1.88670749137464,1,2,0.234075757928248,1.73430231311272,1.06004773349514,-0.471471318324425,0.86127632391646,0.550678245068448,1.43010731175298
1,302,0.957691630227636,1.98008456170055,3,2,0.325992031952258,3.13253233641284,1.01005787262052,-1.48413650244935,0.958258923286529,0.199121611383559,1.43010731175298
1,303,0.634483397346416,2.36551660265359,2,1,0.211494465782138,3.15217073979327,0.42274063892776,-1.90854915462243,0.990539871779618,0.115269470728652,1.43010731175298
1,304,1,2,2,1,0.333333333333333,2,0.5,-1.04887233823128,0.962962962962963,0.259259259259259,1.43010731175298
1,305,1,2,1,0,0.333333333333333,1,0,-0.699248225487519,1,0.333333333333333,1.43010731175298
1,306,0.623779861890634,1.76285363020616,1,0,0.261363910276231,1.60312966335442,0,-1.12098557232698,1,0.261363910276231,1.43010731175298
1,307,0.968026236643288,2.03197376335671,2,3,0.322675412214429,2.0660597040584,1.4763970156013,-0.412320588539826,0.805656574336723,0.517879171860429,1.43010731175298
1,308,1,2,1,0,0.333333333333333,1,0,-0.699248225487519,1,0.333333333333333,1.43010731175298
1,309,0.959437502822145,2.03313628048328,3.5,4.5,0.320606131141871,3.64797080550312,2.21332925057554,-1.00317056149377,0.845690012451188,0.366656279135659,1.43010731175298
1,310,1.31681118178442,1.57743408581828,2,1,0.454975670695363,1.51882063857461,0.633940910108619,-0.618750579899722,0.905818734514928,0.432646051803942,1.43010731175298
1,311,1.61336650790321,1.3866334920968,0,0,0.537788835967735,0,0,0,1,1,1.43010731175298
1,312,0.930348593224827,2.06965140677517,0,2,0.310116197741609,0,0.966346310036963,0.675715942499759,0.475939660618495,1,1.43010731175298
1,313,0.693469250420827,2.30653074957917,4,3,0.231156416806942,5.7681000240063,1.30065467392852,-3.12385323350436,0.990951018848763,0.0544646632948,1.43010731175298
1,314,0.909662168713184,2.09033783128682,2,2,0.303220722904395,2.19861841987913,0.956783142928048,-0.868351113755843,0.91384458179265,0.353985565211232,1.43010731175298
1,315,1.61336650790321,1.3866334920968,0,0,0.537788835967735,0,0,0,1,1,1.43010731175298
1,316,1.57743841584704,1.41370132518241,1,0,0.527370351244151,0.633939169956772,0,-0.443280839659304,1,0.527370351244151,1.43010731175298
1,317,0.625771470848336,1.76086202124846,1,0,0.262198394902503,1.59802746942799,0,-1.11741787227784,1,0.262198394902503,1.43010731175298
1,318,0.828058996249246,2.17194100375075,3,3,0.276019665416415,3.62293026654951,1.3812529874519,-1.5674888595247,0.946962557341129,0.212636521324061,1.43010731175298
1,319,0.957691630227636,2.04230836977236,2,1,0.319230543409212,2.08835489094189,0.489642022135697,-1.11789713657679,0.96746780913935,0.240660037814722,1.43010731175298
1,320,0.846152677446361,2.13464989753193,2.5,4.5,0.283867400192555,2.95454953536855,2.10807402431793,-0.591896499020782,0.788628293459572,0.47601776251488,1.43010731175298
1,321,0.635905322663067,2.36409467733693,3,0,0.211968440887689,4.71768342406145,0,-3.29883176268685,1,0.009523873455179,1.43010731175298
1,322,0.530197862081264,1.85643563001553,1,0,0.222153030130929,1.88608832950505,0,-1.31884391751913,1,0.222153030130929,1.43010731175298
1,323,1,2,3,3,0.333333333333333,3,1.5,-1.04887233823128,0.899862825788752,0.319615912208505,1.43010731175298
1,324,0.96074261424285,2.03188160398662,5.5,4.5,0.321036837298354,5.72473825815927,2.2146959700658,-2.45439084133551,0.959771953192943,0.126654668328182,1.43010731175298
1,325,0.95582561787824,1.99546839444659,0.5,3.5,0.323866620501596,0.523107971420466,1.75397415952091,0.860680997841821,0.409205406054038,0.791008074514709,1.43010731175298
