"time";"r Pr1.Vt";"i Pr1.Vt"
0;0.0199996;0
1e-06;0.0219729;0
2e-06;0.0238994;0
3e-06;0.0257783;0
4e-06;0.0276109;0
5e-06;0.0293982;0
6e-06;0.0311414;0
7e-06;0.0328415;0
8e-06;0.0344997;0
9e-06;0.0361169;0
1e-05;0.0376942;0
1.1e-05;0.0392325;0
1.2e-05;0.0407329;0
1.3e-05;0.0421962;0
1.4e-05;0.0436234;0
1.5e-05;0.0450154;0
1.6e-05;0.0463729;0
1.7e-05;0.047697;0
1.8e-05;0.0489884;0
1.9e-05;0.0502479;0
2e-05;0.0514763;0
2.1e-05;0.0526743;0
2.2e-05;0.0538428;0
2.3e-05;0.0549824;0
2.4e-05;0.0560939;0
2.5e-05;0.057178;0
2.6e-05;0.0582353;0
2.7e-05;0.0592665;0
2.8e-05;0.0602722;0
2.9e-05;0.0612531;0
3e-05;0.0622098;0
3.1e-05;0.0631428;0
3.2e-05;0.0640528;0
3.3e-05;0.0649404;0
3.4e-05;0.065806;0
3.5e-05;0.0666503;0
3.6e-05;0.0674737;0
3.7e-05;0.0682768;0
3.8e-05;0.06906;0
3.9e-05;0.0698239;0
4e-05;0.070569;0
4.1e-05;0.0712956;0
4.2e-05;0.0720044;0
4.3e-05;0.0726956;0
4.4e-05;0.0733697;0
4.5e-05;0.0740272;0
4.6e-05;0.0746685;0
4.7e-05;0.075294;0
4.8e-05;0.075904;0
4.9e-05;0.0764989;0
5e-05;0.0770791;0
5.1e-05;0.0776451;0
5.2e-05;0.078197;0
5.3e-05;0.0787353;0
5.4e-05;0.0792604;0
5.5e-05;0.0797724;0
5.6e-05;0.0802719;0
5.7e-05;0.0807589;0
5.8e-05;0.081234;0
5.9e-05;0.0816974;0
6e-05;0.0821493;0
6.1e-05;0.08259;0
6.2e-05;0.0830198;0
6.3e-05;0.0834391;0
6.4e-05;0.083848;0
6.5e-05;0.0842468;0
6.6e-05;0.0846357;0
6.7e-05;0.0850151;0
6.8e-05;0.0853851;0
6.9e-05;0.0857459;0
7e-05;0.0860978;0
7.1e-05;0.0864411;0
7.2e-05;0.0867759;0
7.3e-05;0.0871024;0
7.4e-05;0.0874208;0
7.5e-05;0.0877314;0
7.6e-05;0.0880343;0
7.7e-05;0.0883298;0
7.8e-05;0.0886179;0
7.9e-05;0.0888989;0
8e-05;0.089173;0
8.1e-05;0.0894403;0
8.2e-05;0.0897011;0
8.3e-05;0.0899553;0
8.4e-05;0.0902033;0
8.5e-05;0.0904452;0
8.6e-05;0.0906811;0
8.7e-05;0.0909112;0
8.8e-05;0.0911356;0
8.9e-05;0.0913545;0
9e-05;0.091568;0
9.1e-05;0.0917761;0
9.2e-05;0.0919792;0
9.3e-05;0.0921772;0
9.4e-05;0.0923704;0
9.5e-05;0.0925587;0
9.6e-05;0.0927425;0
9.7e-05;0.0929217;0
9.8e-05;0.0930964;0
9.9e-05;0.0932669;0
0.0001;0.0934331;0
0.000101;0.090356;0
0.000102;0.0866437;0
0.000103;0.083023;0
0.000104;0.0794918;0
0.000105;0.0760477;0
0.000106;0.0726886;0
0.000107;0.0694125;0
0.000108;0.0662173;0
0.000109;0.063101;0
0.00011;0.0600616;0
0.000111;0.0570972;0
0.000112;0.0542061;0
0.000113;0.0513863;0
0.000114;0.0486361;0
0.000115;0.0459539;0
0.000116;0.0433379;0
0.000117;0.0407864;0
0.000118;0.038298;0
0.000119;0.035871;0
0.00012;0.0335039;0
0.000121;0.0311953;0
0.000122;0.0289436;0
0.000123;0.0267476;0
0.000124;0.0246058;0
0.000125;0.0225168;0
0.000126;0.0204795;0
0.000127;0.0184924;0
0.000128;0.0165544;0
0.000129;0.0146643;0
0.00013;0.0128208;0
0.000131;0.0110228;0
0.000132;0.00926928;0
0.000133;0.007559;0
0.000134;0.00589096;0
0.000135;0.00426409;0
0.000136;0.0026774;0
0.000137;0.00112988;0
0.000138;-0.000379432;0
0.000139;-0.00185148;0
0.00014;-0.00328718;0
0.000141;-0.00468743;0
0.000142;-0.00605311;0
0.000143;-0.00738507;0
0.000144;-0.00868415;0
0.000145;-0.00995115;0
0.000146;-0.0111869;0
0.000147;-0.0123921;0
0.000148;-0.0135675;0
0.000149;-0.014714;0
0.00015;-0.0158321;0
0.000151;-0.0169226;0
0.000152;-0.0179862;0
0.000153;-0.0190235;0
0.000154;-0.0200352;0
0.000155;-0.021022;0
0.000156;-0.0219843;0
0.000157;-0.022923;0
0.000158;-0.0238384;0
0.000159;-0.0247312;0
0.00016;-0.025602;0
0.000161;-0.0264513;0
0.000162;-0.0272797;0
0.000163;-0.0280875;0
0.000164;-0.0288755;0
0.000165;-0.0296439;0
0.000166;-0.0303934;0
0.000167;-0.0311244;0
0.000168;-0.0318374;0
0.000169;-0.0325327;0
0.00017;-0.0332109;0
0.000171;-0.0338723;0
0.000172;-0.0345174;0
0.000173;-0.0351466;0
0.000174;-0.0357602;0
0.000175;-0.0363587;0
0.000176;-0.0369424;0
0.000177;-0.0375117;0
0.000178;-0.0380669;0
0.000179;-0.0386085;0
0.00018;-0.0391366;0
0.000181;-0.0396518;0
0.000182;-0.0401542;0
0.000183;-0.0406442;0
0.000184;-0.0411221;0
0.000185;-0.0415882;0
0.000186;-0.0420428;0
0.000187;-0.0424861;0
0.000188;-0.0429185;0
0.000189;-0.0433403;0
0.00019;-0.0437516;0
0.000191;-0.0441528;0
0.000192;-0.0445441;0
0.000193;-0.0449257;0
0.000194;-0.0452979;0
0.000195;-0.0456609;0
0.000196;-0.0460149;0
0.000197;-0.0463602;0
0.000198;-0.046697;0
0.000199;-0.0470254;0
0.0002;-0.0473458;0
0.000201;-0.0440722;0
0.000202;-0.040515;0
0.000203;-0.0370456;0
0.000204;-0.033662;0
0.000205;-0.0303618;0
0.000206;-0.0271431;0
0.000207;-0.024004;0
0.000208;-0.0209423;0
0.000209;-0.0179562;0
0.00021;-0.0150438;0
0.000211;-0.0122034;0
0.000212;-0.00943303;0
0.000213;-0.0067311;0
0.000214;-0.00409588;0
0.000215;-0.00152573;0
0.000216;0.00098096;0
0.000217;0.00342576;0
0.000218;0.0058102;0
0.000219;0.00813577;0
0.00022;0.0104039;0
0.000221;0.0126161;0
0.000222;0.0147736;0
0.000223;0.0168779;0
0.000224;0.0189302;0
0.000225;0.0209318;0
0.000226;0.022884;0
0.000227;0.024788;0
0.000228;0.026645;0
0.000229;0.0284562;0
0.00023;0.0302226;0
0.000231;0.0319454;0
0.000232;0.0336257;0
0.000233;0.0352645;0
0.000234;0.0368628;0
0.000235;0.0384217;0
0.000236;0.0399421;0
0.000237;0.0414249;0
0.000238;0.0428712;0
0.000239;0.0442817;0
0.00024;0.0456574;0
0.000241;0.0469991;0
0.000242;0.0483077;0
0.000243;0.049584;0
0.000244;0.0508288;0
0.000245;0.0520428;0
0.000246;0.0532269;0
0.000247;0.0543818;0
0.000248;0.0555081;0
0.000249;0.0566066;0
0.00025;0.057678;0
0.000251;0.0587229;0
0.000252;0.0597421;0
0.000253;0.0607361;0
0.000254;0.0617055;0
0.000255;0.062651;0
0.000256;0.0635731;0
0.000257;0.0644725;0
0.000258;0.0653497;0
0.000259;0.0662052;0
0.00026;0.0670396;0
0.000261;0.0678534;0
0.000262;0.0686471;0
0.000263;0.0694213;0
0.000264;0.0701762;0
0.000265;0.0709126;0
0.000266;0.0716308;0
0.000267;0.0723312;0
0.000268;0.0730144;0
0.000269;0.0736806;0
0.00027;0.0743305;0
0.000271;0.0749643;0
0.000272;0.0755824;0
0.000273;0.0761853;0
0.000274;0.0767733;0
0.000275;0.0773467;0
0.000276;0.0779061;0
0.000277;0.0784516;0
0.000278;0.0789836;0
0.000279;0.0795025;0
0.00028;0.0800086;0
0.000281;0.0805022;0
0.000282;0.0809836;0
0.000283;0.0814531;0
0.000284;0.081911;0
0.000285;0.0823577;0
0.000286;0.0827932;0
0.000287;0.0832181;0
0.000288;0.0836324;0
0.000289;0.0840366;0
0.00029;0.0844307;0
0.000291;0.0848151;0
0.000292;0.08519;0
0.000293;0.0855557;0
0.000294;0.0859123;0
0.000295;0.0862601;0
0.000296;0.0865994;0
0.000297;0.0869303;0
0.000298;0.0872529;0
0.000299;0.0875677;0
0.0003;0.0878746;0
0.000301;0.0848959;0
0.000302;0.0813183;0
0.000303;0.0778291;0
0.000304;0.074426;0
0.000305;0.071107;0
0.000306;0.0678699;0
0.000307;0.0647127;0
0.000308;0.0616335;0
0.000309;0.0586303;0
0.00031;0.0557013;0
0.000311;0.0528446;0
0.000312;0.0500584;0
0.000313;0.047341;0
0.000314;0.0446907;0
0.000315;0.0421058;0
0.000316;0.0395848;0
0.000317;0.037126;0
0.000318;0.0347279;0
0.000319;0.032389;0
0.00032;0.0301079;0
0.000321;0.0278831;0
0.000322;0.0257132;0
0.000323;0.0235969;0
0.000324;0.0215329;0
0.000325;0.0195198;0
0.000326;0.0175564;0
0.000327;0.0156415;0
0.000328;0.0137739;0
0.000329;0.0119524;0
0.00033;0.0101758;0
0.000331;0.00844316;0
0.000332;0.00675326;0
0.000333;0.00510509;0
0.000334;0.00349762;0
0.000335;0.00192983;0
0.000336;0.000400754;0
0.000337;-0.00109057;0
0.000338;-0.00254507;0
0.000339;-0.00396366;0
0.00034;-0.00534722;0
0.000341;-0.00669663;0
0.000342;-0.00801271;0
0.000343;-0.0092963;0
0.000344;-0.0105482;0
0.000345;-0.0117692;0
0.000346;-0.01296;0
0.000347;-0.0141215;0
0.000348;-0.0152542;0
0.000349;-0.016359;0
0.00035;-0.0174365;0
0.000351;-0.0184875;0
0.000352;-0.0195124;0
0.000353;-0.0205121;0
0.000354;-0.0214871;0
0.000355;-0.022438;0
0.000356;-0.0233654;0
0.000357;-0.0242699;0
0.000358;-0.0251521;0
0.000359;-0.0260125;0
0.00036;-0.0268517;0
0.000361;-0.0276701;0
0.000362;-0.0284684;0
0.000363;-0.0292469;0
0.000364;-0.0300062;0
0.000365;-0.0307468;0
0.000366;-0.031469;0
0.000367;-0.0321735;0
0.000368;-0.0328605;0
0.000369;-0.0335306;0
0.00037;-0.0341842;0
0.000371;-0.0348216;0
0.000372;-0.0354432;0
0.000373;-0.0360496;0
0.000374;-0.0366409;0
0.000375;-0.0372176;0
0.000376;-0.0377802;0
0.000377;-0.0383288;0
0.000378;-0.0388638;0
0.000379;-0.0393857;0
0.00038;-0.0398947;0
0.000381;-0.0403911;0
0.000382;-0.0408752;0
0.000383;-0.0413474;0
0.000384;-0.041808;0
0.000385;-0.0422572;0
0.000386;-0.0426952;0
0.000387;-0.0431225;0
0.000388;-0.0435392;0
0.000389;-0.0439456;0
0.00039;-0.044342;0
0.000391;-0.0447286;0
0.000392;-0.0451057;0
0.000393;-0.0454734;0
0.000394;-0.0458321;0
0.000395;-0.0461819;0
0.000396;-0.0465231;0
0.000397;-0.0468558;0
0.000398;-0.0471804;0
0.000399;-0.0474969;0
0.0004;-0.0478056;0
0.000401;-0.0453988;0
0.000402;-0.0418089;0
0.000403;-0.0383075;0
0.000404;-0.0348927;0
0.000405;-0.0315621;0
0.000406;-0.0283138;0
0.000407;-0.0251456;0
0.000408;-0.0220557;0
0.000409;-0.0190421;0
0.00041;-0.0161029;0
0.000411;-0.0132363;0
0.000412;-0.0104404;0
0.000413;-0.00771359;0
0.000414;-0.00505409;0
0.000415;-0.00246026;0
0.000416;6.95352e-05;0
0.000417;0.00253687;0
0.000418;0.00494328;0
0.000419;0.00729027;0
0.00042;0.00957932;0
0.000421;0.0118118;0
0.000422;0.0139893;0
0.000423;0.0161129;0
0.000424;0.0181841;0
0.000425;0.0202042;0
0.000426;0.0221744;0
0.000427;0.0240959;0
0.000428;0.02597;0
0.000429;0.0277979;0
0.00043;0.0295806;0
0.000431;0.0313193;0
0.000432;0.033015;0
0.000433;0.0346689;0
0.000434;0.036282;0
0.000435;0.0378552;0
0.000436;0.0393896;0
0.000437;0.0408861;0
0.000438;0.0423456;0
0.000439;0.0437691;0
0.00044;0.0451575;0
0.000441;0.0465116;0
0.000442;0.0478323;0
0.000443;0.0491203;0
0.000444;0.0503765;0
0.000445;0.0516018;0
0.000446;0.0527967;0
0.000447;0.0539622;0
0.000448;0.0550989;0
0.000449;0.0562075;0
0.00045;0.0572888;0
0.000451;0.0583434;0
0.000452;0.0593719;0
0.000453;0.060375;0
0.000454;0.0613534;0
0.000455;0.0623076;0
0.000456;0.0632382;0
0.000457;0.0641459;0
0.000458;0.0650311;0
0.000459;0.0658945;0
0.00046;0.0667366;0
0.000461;0.0675579;0
0.000462;0.0683589;0
0.000463;0.0691401;0
0.000464;0.0699021;0
0.000465;0.0706452;0
0.000466;0.07137;0
0.000467;0.0720769;0
0.000468;0.0727663;0
0.000469;0.0734387;0
0.00047;0.0740946;0
0.000471;0.0747342;0
0.000472;0.075358;0
0.000473;0.0759664;0
0.000474;0.0765598;0
0.000475;0.0771386;0
0.000476;0.077703;0
0.000477;0.0782535;0
0.000478;0.0787905;0
0.000479;0.0793142;0
0.00048;0.0798249;0
0.000481;0.080323;0
0.000482;0.0808089;0
0.000483;0.0812827;0
0.000484;0.0817448;0
0.000485;0.0821956;0
0.000486;0.0826352;0
0.000487;0.0830639;0
0.000488;0.0834821;0
0.000489;0.0838899;0
0.00049;0.0842877;0
0.000491;0.0846756;0
0.000492;0.085054;0
0.000493;0.085423;0
0.000494;0.0857829;0
0.000495;0.0861339;0
0.000496;0.0864763;0
0.000497;0.0868102;0
0.000498;0.0871359;0
0.000499;0.0874535;0
0.0005;0.0877633;0
0.000501;0.0853575;0
0.000502;0.0817686;0
0.000503;0.0782683;0
0.000504;0.0748544;0
0.000505;0.0715247;0
0.000506;0.0682773;0
0.000507;0.0651101;0
0.000508;0.0620211;0
0.000509;0.0590083;0
0.00051;0.0560699;0
0.000511;0.0532041;0
0.000512;0.0504091;0
0.000513;0.047683;0
0.000514;0.0450243;0
0.000515;0.0424312;0
0.000516;0.0399021;0
0.000517;0.0374355;0
0.000518;0.0350297;0
0.000519;0.0326834;0
0.00052;0.030395;0
0.000521;0.0281631;0
0.000522;0.0259863;0
0.000523;0.0238633;0
0.000524;0.0217927;0
0.000525;0.0197732;0
0.000526;0.0178035;0
0.000527;0.0158825;0
0.000528;0.0140089;0
0.000529;0.0121816;0
0.00053;0.0103994;0
0.000531;0.00866123;0
0.000532;0.00696595;0
0.000533;0.00531253;0
0.000534;0.00369993;0
0.000535;0.00212715;0
0.000536;0.000593204;0
0.000537;-0.00090287;0
0.000538;-0.00236201;0
0.000539;-0.00378512;0
0.00054;-0.00517309;0
0.000541;-0.00652679;0
0.000542;-0.00784707;0
0.000543;-0.00913475;0
0.000544;-0.0103906;0
0.000545;-0.0116155;0
0.000546;-0.0128102;0
0.000547;-0.0139753;0
0.000548;-0.0151117;0
0.000549;-0.01622;0
0.00055;-0.0173009;0
0.000551;-0.0183552;0
0.000552;-0.0193834;0
0.000553;-0.0203863;0
0.000554;-0.0213643;0
0.000555;-0.0223183;0
0.000556;-0.0232487;0
0.000557;-0.0241561;0
0.000558;-0.0250411;0
0.000559;-0.0259042;0
0.00056;-0.0267461;0
0.000561;-0.0275671;0
0.000562;-0.0283679;0
0.000563;-0.0291489;0
0.000564;-0.0299106;0
0.000565;-0.0306536;0
0.000566;-0.0313781;0
0.000567;-0.0320848;0
0.000568;-0.0327741;0
0.000569;-0.0334463;0
0.00057;-0.0341019;0
0.000571;-0.0347413;0
0.000572;-0.035365;0
0.000573;-0.0359732;0
0.000574;-0.0365665;0
0.000575;-0.0371451;0
0.000576;-0.0377094;0
0.000577;-0.0382597;0
0.000578;-0.0387965;0
0.000579;-0.03932;0
0.00058;-0.0398306;0
0.000581;-0.0403286;0
0.000582;-0.0408143;0
0.000583;-0.041288;0
0.000584;-0.04175;0
0.000585;-0.0422006;0
0.000586;-0.0426401;0
0.000587;-0.0430687;0
0.000588;-0.0434868;0
0.000589;-0.0438945;0
0.00059;-0.0442921;0
0.000591;-0.04468;0
0.000592;-0.0450582;0
0.000593;-0.0454271;0
0.000594;-0.045787;0
0.000595;-0.0461379;0
0.000596;-0.0464801;0
0.000597;-0.046814;0
0.000598;-0.0471395;0
0.000599;-0.0474571;0
0.0006;-0.0477668;0
0.000601;-0.0453609;0
0.000602;-0.0417719;0
0.000603;-0.0382715;0
0.000604;-0.0348575;0
0.000605;-0.0315278;0
0.000606;-0.0282803;0
0.000607;-0.025113;0
0.000608;-0.0220239;0
0.000609;-0.0190111;0
0.00061;-0.0160727;0
0.000611;-0.0132068;0
0.000612;-0.0104116;0
0.000613;-0.00768552;0
0.000614;-0.00502671;0
0.000615;-0.00243355;0
0.000616;9.55797e-05;0
0.000617;0.00256227;0
0.000618;0.00496805;0
0.000619;0.00731443;0
0.00062;0.00960288;0
0.000621;0.0118348;0
0.000622;0.0140117;0
0.000623;0.0161348;0
0.000624;0.0182054;0
0.000625;0.020225;0
0.000626;0.0221947;0
0.000627;0.0241157;0
0.000628;0.0259893;0
0.000629;0.0278167;0
0.00063;0.0295989;0
0.000631;0.0313372;0
0.000632;0.0330325;0
0.000633;0.0346859;0
0.000634;0.0362986;0
0.000635;0.0378714;0
0.000636;0.0394054;0
0.000637;0.0409015;0
0.000638;0.0423607;0
0.000639;0.0437838;0
0.00064;0.0451718;0
0.000641;0.0465255;0
0.000642;0.0478459;0
0.000643;0.0491336;0
0.000644;0.0503895;0
0.000645;0.0516144;0
0.000646;0.0528091;0
0.000647;0.0539742;0
0.000648;0.0551106;0
0.000649;0.056219;0
0.00065;0.0572999;0
0.000651;0.0583542;0
0.000652;0.0593825;0
0.000653;0.0603853;0
0.000654;0.0613634;0
0.000655;0.0623174;0
0.000656;0.0632478;0
0.000657;0.0641552;0
0.000658;0.0650402;0
0.000659;0.0659034;0
0.00066;0.0667453;0
0.000661;0.0675664;0
0.000662;0.0683672;0
0.000663;0.0691482;0
0.000664;0.0699099;0
0.000665;0.0706529;0
0.000666;0.0713775;0
0.000667;0.0720842;0
0.000668;0.0727734;0
0.000669;0.0734457;0
0.00067;0.0741013;0
0.000671;0.0747408;0
0.000672;0.0753644;0
0.000673;0.0759727;0
0.000674;0.0765659;0
0.000675;0.0771445;0
0.000676;0.0777088;0
0.000677;0.0782592;0
0.000678;0.078796;0
0.000679;0.0793195;0
0.00068;0.0798302;0
0.000681;0.0803282;0
0.000682;0.0808139;0
0.000683;0.0812876;0
0.000684;0.0817496;0
0.000685;0.0822002;0
0.000686;0.0826397;0
0.000687;0.0830683;0
0.000688;0.0834864;0
0.000689;0.0838941;0
0.00069;0.0842918;0
0.000691;0.0846796;0
0.000692;0.0850579;0
0.000693;0.0854268;0
0.000694;0.0857866;0
0.000695;0.0861376;0
0.000696;0.0864798;0
0.000697;0.0868137;0
0.000698;0.0871392;0
0.000699;0.0874568;0
0.0007;0.0877665;0
0.000701;0.0853607;0
0.000702;0.0817716;0
0.000703;0.0782712;0
0.000704;0.0748572;0
0.000705;0.0715276;0
0.000706;0.0682801;0
0.000707;0.0651128;0
0.000708;0.0620237;0
0.000709;0.0590109;0
0.00071;0.0560724;0
0.000711;0.0532065;0
0.000712;0.0504114;0
0.000713;0.0476853;0
0.000714;0.0450265;0
0.000715;0.0424334;0
0.000716;0.0399042;0
0.000717;0.0374375;0
0.000718;0.0350318;0
0.000719;0.0326854;0
0.00072;0.0303969;0
0.000721;0.028165;0
0.000722;0.0259882;0
0.000723;0.0238651;0
0.000724;0.0217944;0
0.000725;0.0197749;0
0.000726;0.0178052;0
0.000727;0.0158841;0
0.000728;0.0140105;0
0.000729;0.0121832;0
0.00073;0.0104009;0
0.000731;0.0086627;0
0.000732;0.00696739;0
0.000733;0.00531393;0
0.000734;0.0037013;0
0.000735;0.00212848;0
0.000736;0.000594501;0
0.000737;-0.000901606;0
0.000738;-0.00236077;0
0.000739;-0.00378391;0
0.00074;-0.00517191;0
0.000741;-0.00652565;0
0.000742;-0.00784595;0
0.000743;-0.00913366;0
0.000744;-0.0103896;0
0.000745;-0.0116145;0
0.000746;-0.0128091;0
0.000747;-0.0139743;0
0.000748;-0.0151107;0
0.000749;-0.016219;0
0.00075;-0.0173;0
0.000751;-0.0183543;0
0.000752;-0.0193825;0
0.000753;-0.0203854;0
0.000754;-0.0213635;0
0.000755;-0.0223175;0
0.000756;-0.0232479;0
0.000757;-0.0241553;0
0.000758;-0.0250403;0
0.000759;-0.0259035;0
0.00076;-0.0267453;0
0.000761;-0.0275664;0
0.000762;-0.0283672;0
0.000763;-0.0291482;0
0.000764;-0.02991;0
0.000765;-0.0306529;0
0.000766;-0.0313775;0
0.000767;-0.0320842;0
0.000768;-0.0327735;0
0.000769;-0.0334457;0
0.00077;-0.0341014;0
0.000771;-0.0347408;0
0.000772;-0.0353645;0
0.000773;-0.0359727;0
0.000774;-0.036566;0
0.000775;-0.0371446;0
0.000776;-0.0377089;0
0.000777;-0.0382593;0
0.000778;-0.038796;0
0.000779;-0.0393196;0
0.00078;-0.0398302;0
0.000781;-0.0403282;0
0.000782;-0.0408139;0
0.000783;-0.0412876;0
0.000784;-0.0417496;0
0.000785;-0.0422002;0
0.000786;-0.0426397;0
0.000787;-0.0430684;0
0.000788;-0.0434864;0
0.000789;-0.0438941;0
0.00079;-0.0442918;0
0.000791;-0.0446796;0
0.000792;-0.0450579;0
0.000793;-0.0454268;0
0.000794;-0.0457867;0
0.000795;-0.0461376;0
0.000796;-0.0464799;0
0.000797;-0.0468137;0
0.000798;-0.0471393;0
0.000799;-0.0474568;0
0.0008;-0.0477665;0
0.000801;-0.0453607;0
0.000802;-0.0417717;0
0.000803;-0.0382712;0
0.000804;-0.0348573;0
0.000805;-0.0315276;0
0.000806;-0.0282801;0
0.000807;-0.0251128;0
0.000808;-0.0220237;0
0.000809;-0.0190109;0
0.00081;-0.0160724;0
0.000811;-0.0132066;0
0.000812;-0.0104114;0
0.000813;-0.00768533;0
0.000814;-0.00502653;0
0.000815;-0.00243337;0
0.000816;9.57552e-05;0
0.000817;0.00256244;0
0.000818;0.00496822;0
0.000819;0.0073146;0
0.00082;0.00960304;0
0.000821;0.011835;0
0.000822;0.0140118;0
0.000823;0.0161349;0
0.000824;0.0182056;0
0.000825;0.0202251;0
0.000826;0.0221948;0
0.000827;0.0241158;0
0.000828;0.0259895;0
0.000829;0.0278168;0
0.00083;0.0295991;0
0.000831;0.0313373;0
0.000832;0.0330326;0
0.000833;0.0346861;0
0.000834;0.0362987;0
0.000835;0.0378715;0
0.000836;0.0394055;0
0.000837;0.0409016;0
0.000838;0.0423608;0
0.000839;0.0437839;0
0.00084;0.0451719;0
0.000841;0.0465256;0
0.000842;0.0478459;0
0.000843;0.0491337;0
0.000844;0.0503896;0
0.000845;0.0516145;0
0.000846;0.0528091;0
0.000847;0.0539743;0
0.000848;0.0551107;0
0.000849;0.056219;0
0.00085;0.0573;0
0.000851;0.0583543;0
0.000852;0.0593825;0
0.000853;0.0603854;0
0.000854;0.0613635;0
0.000855;0.0623175;0
0.000856;0.0632479;0
0.000857;0.0641553;0
0.000858;0.0650403;0
0.000859;0.0659035;0
0.00086;0.0667453;0
0.000861;0.0675664;0
0.000862;0.0683672;0
0.000863;0.0691482;0
0.000864;0.06991;0
0.000865;0.0706529;0
0.000866;0.0713775;0
0.000867;0.0720842;0
0.000868;0.0727735;0
0.000869;0.0734457;0
0.00087;0.0741013;0
0.000871;0.0747408;0
0.000872;0.0753645;0
0.000873;0.0759727;0
0.000874;0.076566;0
0.000875;0.0771446;0
0.000876;0.0777089;0
0.000877;0.0782593;0
0.000878;0.078796;0
0.000879;0.0793196;0
0.00088;0.0798302;0
0.000881;0.0803282;0
0.000882;0.0808139;0
0.000883;0.0812876;0
0.000884;0.0817496;0
0.000885;0.0822002;0
0.000886;0.0826397;0
0.000887;0.0830684;0
0.000888;0.0834864;0
0.000889;0.0838941;0
0.00089;0.0842918;0
0.000891;0.0846796;0
0.000892;0.0850579;0
0.000893;0.0854268;0
0.000894;0.0857867;0
0.000895;0.0861376;0
0.000896;0.0864799;0
0.000897;0.0868137;0
0.000898;0.0871393;0
0.000899;0.0874568;0
0.0009;0.0877665;0
0.000901;0.0853607;0
0.000902;0.0817717;0
0.000903;0.0782712;0
0.000904;0.0748573;0
0.000905;0.0715276;0
0.000906;0.0682801;0
0.000907;0.0651128;0
0.000908;0.0620237;0
0.000909;0.0590109;0
0.00091;0.0560724;0
0.000911;0.0532066;0
0.000912;0.0504114;0
0.000913;0.0476853;0
0.000914;0.0450265;0
0.000915;0.0424334;0
0.000916;0.0399042;0
0.000917;0.0374376;0
0.000918;0.0350318;0
0.000919;0.0326854;0
0.00092;0.030397;0
0.000921;0.028165;0
0.000922;0.0259882;0
0.000923;0.0238651;0
0.000924;0.0217944;0
0.000925;0.0197749;0
0.000926;0.0178052;0
0.000927;0.0158841;0
0.000928;0.0140105;0
0.000929;0.0121832;0
0.00093;0.0104009;0
0.000931;0.00866271;0
0.000932;0.0069674;0
0.000933;0.00531394;0
0.000934;0.00370131;0
0.000935;0.00212849;0
0.000936;0.00059451;0
0.000937;-0.000901597;0
0.000938;-0.00236076;0
0.000939;-0.0037839;0
0.00094;-0.00517191;0
0.000941;-0.00652564;0
0.000942;-0.00784595;0
0.000943;-0.00913365;0
0.000944;-0.0103896;0
0.000945;-0.0116145;0
0.000946;-0.0128091;0
0.000947;-0.0139743;0
0.000948;-0.0151107;0
0.000949;-0.016219;0
0.00095;-0.0173;0
0.000951;-0.0183543;0
0.000952;-0.0193825;0
0.000953;-0.0203854;0
0.000954;-0.0213635;0
0.000955;-0.0223175;0
0.000956;-0.0232479;0
0.000957;-0.0241553;0
0.000958;-0.0250403;0
0.000959;-0.0259035;0
0.00096;-0.0267453;0
0.000961;-0.0275664;0
0.000962;-0.0283672;0
0.000963;-0.0291482;0
0.000964;-0.02991;0
0.000965;-0.0306529;0
0.000966;-0.0313775;0
0.000967;-0.0320842;0
0.000968;-0.0327735;0
0.000969;-0.0334457;0
0.00097;-0.0341013;0
0.000971;-0.0347408;0
0.000972;-0.0353645;0
0.000973;-0.0359727;0
0.000974;-0.036566;0
0.000975;-0.0371446;0
0.000976;-0.0377089;0
0.000977;-0.0382593;0
0.000978;-0.038796;0
0.000979;-0.0393196;0
0.00098;-0.0398302;0
0.000981;-0.0403282;0
0.000982;-0.0408139;0
0.000983;-0.0412876;0
0.000984;-0.0417496;0
0.000985;-0.0422002;0
0.000986;-0.0426397;0
0.000987;-0.0430684;0
0.000988;-0.0434864;0
0.000989;-0.0438941;0
0.00099;-0.0442918;0
0.000991;-0.0446796;0
0.000992;-0.0450579;0
0.000993;-0.0454268;0
0.000994;-0.0457867;0
0.000995;-0.0461376;0
0.000996;-0.0464799;0
0.000997;-0.0468137;0
0.000998;-0.0471393;0
0.000999;-0.0474568;0
0.001;-0.0477665;0
0.001001;-0.0453607;0
0.001002;-0.0417717;0
0.001003;-0.0382712;0
0.001004;-0.0348573;0
0.001005;-0.0315276;0
0.001006;-0.0282801;0
0.001007;-0.0251128;0
0.001008;-0.0220237;0
0.001009;-0.0190109;0
0.00101;-0.0160724;0
0.001011;-0.0132066;0
0.001012;-0.0104114;0
0.001013;-0.00768533;0
0.001014;-0.00502653;0
0.001015;-0.00243337;0
0.001016;9.57563e-05;0
0.001017;0.00256244;0
0.001018;0.00496822;0
0.001019;0.0073146;0
0.00102;0.00960304;0
0.001021;0.011835;0
0.001022;0.0140118;0
0.001023;0.0161349;0
0.001024;0.0182056;0
0.001025;0.0202251;0
0.001026;0.0221948;0
0.001027;0.0241159;0
0.001028;0.0259895;0
0.001029;0.0278168;0
0.00103;0.0295991;0
0.001031;0.0313373;0
0.001032;0.0330326;0
0.001033;0.0346861;0
0.001034;0.0362987;0
0.001035;0.0378715;0
0.001036;0.0394055;0
0.001037;0.0409016;0
0.001038;0.0423608;0
0.001039;0.0437839;0
0.00104;0.0451719;0
0.001041;0.0465256;0
0.001042;0.0478459;0
0.001043;0.0491337;0
0.001044;0.0503896;0
0.001045;0.0516145;0
0.001046;0.0528091;0
0.001047;0.0539743;0
0.001048;0.0551107;0
0.001049;0.056219;0
0.00105;0.0573;0
0.001051;0.0583543;0
0.001052;0.0593825;0
0.001053;0.0603854;0
0.001054;0.0613635;0
0.001055;0.0623175;0
0.001056;0.0632479;0
0.001057;0.0641553;0
0.001058;0.0650403;0
0.001059;0.0659035;0
0.00106;0.0667453;0
0.001061;0.0675664;0
0.001062;0.0683672;0
0.001063;0.0691482;0
0.001064;0.06991;0
0.001065;0.0706529;0
0.001066;0.0713775;0
0.001067;0.0720842;0
0.001068;0.0727735;0
0.001069;0.0734457;0
0.00107;0.0741013;0
0.001071;0.0747408;0
0.001072;0.0753645;0
0.001073;0.0759727;0
0.001074;0.076566;0
0.001075;0.0771446;0
0.001076;0.0777089;0
0.001077;0.0782593;0
0.001078;0.078796;0
0.001079;0.0793196;0
0.00108;0.0798302;0
0.001081;0.0803282;0
0.001082;0.0808139;0
0.001083;0.0812876;0
0.001084;0.0817496;0
0.001085;0.0822002;0
0.001086;0.0826397;0
0.001087;0.0830684;0
0.001088;0.0834864;0
0.001089;0.0838941;0
0.00109;0.0842918;0
0.001091;0.0846796;0
0.001092;0.0850579;0
0.001093;0.0854268;0
0.001094;0.0857867;0
0.001095;0.0861376;0
0.001096;0.0864799;0
0.001097;0.0868137;0
0.001098;0.0871393;0
0.001099;0.0874568;0
0.0011;0.0877665;0
0.001101;0.0853607;0
0.001102;0.0817717;0
0.001103;0.0782712;0
0.001104;0.0748573;0
0.001105;0.0715276;0
0.001106;0.0682801;0
0.001107;0.0651128;0
0.001108;0.0620237;0
0.001109;0.0590109;0
0.00111;0.0560724;0
0.001111;0.0532066;0
0.001112;0.0504114;0
0.001113;0.0476853;0
0.001114;0.0450265;0
0.001115;0.0424334;0
0.001116;0.0399042;0
0.001117;0.0374376;0
0.001118;0.0350318;0
0.001119;0.0326854;0
0.00112;0.030397;0
0.001121;0.028165;0
0.001122;0.0259882;0
0.001123;0.0238651;0
0.001124;0.0217944;0
0.001125;0.0197749;0
0.001126;0.0178052;0
0.001127;0.0158841;0
0.001128;0.0140105;0
0.001129;0.0121832;0
0.00113;0.0104009;0
0.001131;0.00866271;0
0.001132;0.0069674;0
0.001133;0.00531394;0
0.001134;0.00370131;0
0.001135;0.00212849;0
0.001136;0.00059451;0
0.001137;-0.000901597;0
0.001138;-0.00236076;0
0.001139;-0.0037839;0
0.00114;-0.00517191;0
0.001141;-0.00652564;0
0.001142;-0.00784595;0
0.001143;-0.00913365;0
0.001144;-0.0103896;0
0.001145;-0.0116145;0
0.001146;-0.0128091;0
0.001147;-0.0139743;0
0.001148;-0.0151107;0
0.001149;-0.016219;0
0.00115;-0.0173;0
0.001151;-0.0183543;0
0.001152;-0.0193825;0
0.001153;-0.0203854;0
0.001154;-0.0213635;0
0.001155;-0.0223175;0
0.001156;-0.0232479;0
0.001157;-0.0241553;0
0.001158;-0.0250403;0
0.001159;-0.0259035;0
0.00116;-0.0267453;0
0.001161;-0.0275664;0
0.001162;-0.0283672;0
0.001163;-0.0291482;0
0.001164;-0.02991;0
0.001165;-0.0306529;0
0.001166;-0.0313775;0
0.001167;-0.0320842;0
0.001168;-0.0327735;0
0.001169;-0.0334457;0
0.00117;-0.0341013;0
0.001171;-0.0347408;0
0.001172;-0.0353645;0
0.001173;-0.0359727;0
0.001174;-0.036566;0
0.001175;-0.0371446;0
0.001176;-0.0377089;0
0.001177;-0.0382593;0
0.001178;-0.038796;0
0.001179;-0.0393196;0
0.00118;-0.0398302;0
0.001181;-0.0403282;0
0.001182;-0.0408139;0
0.001183;-0.0412876;0
0.001184;-0.0417496;0
0.001185;-0.0422002;0
0.001186;-0.0426397;0
0.001187;-0.0430684;0
0.001188;-0.0434864;0
0.001189;-0.0438941;0
0.00119;-0.0442918;0
0.001191;-0.0446796;0
0.001192;-0.0450579;0
0.001193;-0.0454268;0
0.001194;-0.0457867;0
0.001195;-0.0461376;0
0.001196;-0.0464799;0
0.001197;-0.0468137;0
0.001198;-0.0471393;0
0.001199;-0.0474568;0
0.0012;-0.0477665;0
0.001201;-0.0453607;0
0.001202;-0.0417717;0
0.001203;-0.0382712;0
0.001204;-0.0348573;0
0.001205;-0.0315276;0
0.001206;-0.0282801;0
0.001207;-0.0251128;0
0.001208;-0.0220237;0
0.001209;-0.0190109;0
0.00121;-0.0160724;0
0.001211;-0.0132066;0
0.001212;-0.0104114;0
0.001213;-0.00768533;0
0.001214;-0.00502653;0
0.001215;-0.00243337;0
0.001216;9.57564e-05;0
0.001217;0.00256244;0
0.001218;0.00496822;0
0.001219;0.0073146;0
0.00122;0.00960304;0
0.001221;0.011835;0
0.001222;0.0140118;0
0.001223;0.0161349;0
0.001224;0.0182056;0
0.001225;0.0202251;0
0.001226;0.0221948;0
0.001227;0.0241159;0
0.001228;0.0259895;0
0.001229;0.0278168;0
0.00123;0.0295991;0
0.001231;0.0313373;0
0.001232;0.0330326;0
0.001233;0.0346861;0
0.001234;0.0362987;0
0.001235;0.0378715;0
0.001236;0.0394055;0
0.001237;0.0409016;0
0.001238;0.0423608;0
0.001239;0.0437839;0
0.00124;0.0451719;0
0.001241;0.0465256;0
0.001242;0.0478459;0
0.001243;0.0491337;0
0.001244;0.0503896;0
0.001245;0.0516145;0
0.001246;0.0528091;0
0.001247;0.0539743;0
0.001248;0.0551107;0
0.001249;0.056219;0
0.00125;0.0573;0
0.001251;0.0583543;0
0.001252;0.0593825;0
0.001253;0.0603854;0
0.001254;0.0613635;0
0.001255;0.0623175;0
0.001256;0.0632479;0
0.001257;0.0641553;0
0.001258;0.0650403;0
0.001259;0.0659035;0
0.00126;0.0667453;0
0.001261;0.0675664;0
0.001262;0.0683672;0
0.001263;0.0691482;0
0.001264;0.06991;0
0.001265;0.0706529;0
0.001266;0.0713775;0
0.001267;0.0720842;0
0.001268;0.0727735;0
0.001269;0.0734457;0
0.00127;0.0741013;0
0.001271;0.0747408;0
0.001272;0.0753645;0
0.001273;0.0759727;0
0.001274;0.076566;0
0.001275;0.0771446;0
0.001276;0.0777089;0
0.001277;0.0782593;0
0.001278;0.078796;0
0.001279;0.0793196;0
0.00128;0.0798302;0
0.001281;0.0803282;0
0.001282;0.0808139;0
0.001283;0.0812876;0
0.001284;0.0817496;0
0.001285;0.0822002;0
0.001286;0.0826397;0
0.001287;0.0830684;0
0.001288;0.0834864;0
0.001289;0.0838941;0
0.00129;0.0842918;0
0.001291;0.0846796;0
0.001292;0.0850579;0
0.001293;0.0854268;0
0.001294;0.0857867;0
0.001295;0.0861376;0
0.001296;0.0864799;0
0.001297;0.0868137;0
0.001298;0.0871393;0
0.001299;0.0874568;0
0.0013;0.0877665;0
0.001301;0.0853607;0
0.001302;0.0817717;0
0.001303;0.0782712;0
0.001304;0.0748573;0
0.001305;0.0715276;0
0.001306;0.0682801;0
0.001307;0.0651128;0
0.001308;0.0620237;0
0.001309;0.0590109;0
0.00131;0.0560724;0
0.001311;0.0532066;0
0.001312;0.0504114;0
0.001313;0.0476853;0
0.001314;0.0450265;0
0.001315;0.0424334;0
0.001316;0.0399042;0
0.001317;0.0374376;0
0.001318;0.0350318;0
0.001319;0.0326854;0
0.00132;0.030397;0
0.001321;0.028165;0
0.001322;0.0259882;0
0.001323;0.0238651;0
0.001324;0.0217944;0
0.001325;0.0197749;0
0.001326;0.0178052;0
0.001327;0.0158841;0
0.001328;0.0140105;0
0.001329;0.0121832;0
0.00133;0.0104009;0
0.001331;0.00866271;0
0.001332;0.0069674;0
0.001333;0.00531394;0
0.001334;0.00370131;0
0.001335;0.00212849;0
0.001336;0.00059451;0
0.001337;-0.000901597;0
0.001338;-0.00236076;0
0.001339;-0.0037839;0
0.00134;-0.00517191;0
0.001341;-0.00652564;0
0.001342;-0.00784595;0
0.001343;-0.00913365;0
0.001344;-0.0103896;0
0.001345;-0.0116145;0
0.001346;-0.0128091;0
0.001347;-0.0139743;0
0.001348;-0.0151107;0
0.001349;-0.016219;0
0.00135;-0.0173;0
0.001351;-0.0183543;0
0.001352;-0.0193825;0
0.001353;-0.0203854;0
0.001354;-0.0213635;0
0.001355;-0.0223175;0
0.001356;-0.0232479;0
0.001357;-0.0241553;0
0.001358;-0.0250403;0
0.001359;-0.0259035;0
0.00136;-0.0267453;0
0.001361;-0.0275664;0
0.001362;-0.0283672;0
0.001363;-0.0291482;0
0.001364;-0.02991;0
0.001365;-0.0306529;0
0.001366;-0.0313775;0
0.001367;-0.0320842;0
0.001368;-0.0327735;0
0.001369;-0.0334457;0
0.00137;-0.0341013;0
0.001371;-0.0347408;0
0.001372;-0.0353645;0
0.001373;-0.0359727;0
0.001374;-0.036566;0
0.001375;-0.0371446;0
0.001376;-0.0377089;0
0.001377;-0.0382593;0
0.001378;-0.038796;0
0.001379;-0.0393196;0
0.00138;-0.0398302;0
0.001381;-0.0403282;0
0.001382;-0.0408139;0
0.001383;-0.0412876;0
0.001384;-0.0417496;0
0.001385;-0.0422002;0
0.001386;-0.0426397;0
0.001387;-0.0430684;0
0.001388;-0.0434864;0
0.001389;-0.0438941;0
0.00139;-0.0442918;0
0.001391;-0.0446796;0
0.001392;-0.0450579;0
0.001393;-0.0454268;0
0.001394;-0.0457867;0
0.001395;-0.0461376;0
0.001396;-0.0464799;0
0.001397;-0.0468137;0
0.001398;-0.0471393;0
0.001399;-0.0474568;0
0.0014;-0.0477665;0
0.001401;-0.0453607;0
0.001402;-0.0417717;0
0.001403;-0.0382712;0
0.001404;-0.0348573;0
0.001405;-0.0315276;0
0.001406;-0.0282801;0
0.001407;-0.0251128;0
0.001408;-0.0220237;0
0.001409;-0.0190109;0
0.00141;-0.0160724;0
0.001411;-0.0132066;0
0.001412;-0.0104114;0
0.001413;-0.00768533;0
0.001414;-0.00502653;0
0.001415;-0.00243337;0
0.001416;9.57564e-05;0
0.001417;0.00256244;0
0.001418;0.00496822;0
0.001419;0.0073146;0
0.00142;0.00960304;0
0.001421;0.011835;0
0.001422;0.0140118;0
0.001423;0.0161349;0
0.001424;0.0182056;0
0.001425;0.0202251;0
0.001426;0.0221948;0
0.001427;0.0241159;0
0.001428;0.0259895;0
0.001429;0.0278168;0
0.00143;0.0295991;0
0.001431;0.0313373;0
0.001432;0.0330326;0
0.001433;0.0346861;0
0.001434;0.0362987;0
0.001435;0.0378715;0
0.001436;0.0394055;0
0.001437;0.0409016;0
0.001438;0.0423608;0
0.001439;0.0437839;0
0.00144;0.0451719;0
0.001441;0.0465256;0
0.001442;0.0478459;0
0.001443;0.0491337;0
0.001444;0.0503896;0
0.001445;0.0516145;0
0.001446;0.0528091;0
0.001447;0.0539743;0
0.001448;0.0551107;0
0.001449;0.056219;0
0.00145;0.0573;0
0.001451;0.0583543;0
0.001452;0.0593825;0
0.001453;0.0603854;0
0.001454;0.0613635;0
0.001455;0.0623175;0
0.001456;0.0632479;0
0.001457;0.0641553;0
0.001458;0.0650403;0
0.001459;0.0659035;0
0.00146;0.0667453;0
0.001461;0.0675664;0
0.001462;0.0683672;0
0.001463;0.0691482;0
0.001464;0.06991;0
0.001465;0.0706529;0
0.001466;0.0713775;0
0.001467;0.0720842;0
0.001468;0.0727735;0
0.001469;0.0734457;0
0.00147;0.0741013;0
0.001471;0.0747408;0
0.001472;0.0753645;0
0.001473;0.0759727;0
0.001474;0.076566;0
0.001475;0.0771446;0
0.001476;0.0777089;0
0.001477;0.0782593;0
0.001478;0.078796;0
0.001479;0.0793196;0
0.00148;0.0798302;0
0.001481;0.0803282;0
0.001482;0.0808139;0
0.001483;0.0812876;0
0.001484;0.0817496;0
0.001485;0.0822002;0
0.001486;0.0826397;0
0.001487;0.0830684;0
0.001488;0.0834864;0
0.001489;0.0838941;0
0.00149;0.0842918;0
0.001491;0.0846796;0
0.001492;0.0850579;0
0.001493;0.0854268;0
0.001494;0.0857867;0
0.001495;0.0861376;0
0.001496;0.0864799;0
0.001497;0.0868137;0
0.001498;0.0871393;0
0.001499;0.0874568;0
0.0015;0.0877665;0
0.001501;0.0853607;0
0.001502;0.0817717;0
0.001503;0.0782712;0
0.001504;0.0748573;0
0.001505;0.0715276;0
0.001506;0.0682801;0
0.001507;0.0651128;0
0.001508;0.0620237;0
0.001509;0.0590109;0
0.00151;0.0560724;0
0.001511;0.0532066;0
0.001512;0.0504114;0
0.001513;0.0476853;0
0.001514;0.0450265;0
0.001515;0.0424334;0
0.001516;0.0399042;0
0.001517;0.0374376;0
0.001518;0.0350318;0
0.001519;0.0326854;0
0.00152;0.030397;0
0.001521;0.028165;0
0.001522;0.0259882;0
0.001523;0.0238651;0
0.001524;0.0217944;0
0.001525;0.0197749;0
0.001526;0.0178052;0
0.001527;0.0158841;0
0.001528;0.0140105;0
0.001529;0.0121832;0
0.00153;0.0104009;0
0.001531;0.00866271;0
0.001532;0.0069674;0
0.001533;0.00531394;0
0.001534;0.00370131;0
0.001535;0.00212849;0
0.001536;0.00059451;0
0.001537;-0.000901597;0
0.001538;-0.00236076;0
0.001539;-0.0037839;0
0.00154;-0.00517191;0
0.001541;-0.00652564;0
0.001542;-0.00784595;0
0.001543;-0.00913365;0
0.001544;-0.0103896;0
0.001545;-0.0116145;0
0.001546;-0.0128091;0
0.001547;-0.0139743;0
0.001548;-0.0151107;0
0.001549;-0.016219;0
0.00155;-0.0173;0
0.001551;-0.0183543;0
0.001552;-0.0193825;0
0.001553;-0.0203854;0
0.001554;-0.0213635;0
0.001555;-0.0223175;0
0.001556;-0.0232479;0
0.001557;-0.0241553;0
0.001558;-0.0250403;0
0.001559;-0.0259035;0
0.00156;-0.0267453;0
0.001561;-0.0275664;0
0.001562;-0.0283672;0
0.001563;-0.0291482;0
0.001564;-0.02991;0
0.001565;-0.0306529;0
0.001566;-0.0313775;0
0.001567;-0.0320842;0
0.001568;-0.0327735;0
0.001569;-0.0334457;0
0.00157;-0.0341013;0
0.001571;-0.0347408;0
0.001572;-0.0353645;0
0.001573;-0.0359727;0
0.001574;-0.036566;0
0.001575;-0.0371446;0
0.001576;-0.0377089;0
0.001577;-0.0382593;0
0.001578;-0.038796;0
0.001579;-0.0393196;0
0.00158;-0.0398302;0
0.001581;-0.0403282;0
0.001582;-0.0408139;0
0.001583;-0.0412876;0
0.001584;-0.0417496;0
0.001585;-0.0422002;0
0.001586;-0.0426397;0
0.001587;-0.0430684;0
0.001588;-0.0434864;0
0.001589;-0.0438941;0
0.00159;-0.0442918;0
0.001591;-0.0446796;0
0.001592;-0.0450579;0
0.001593;-0.0454268;0
0.001594;-0.0457867;0
0.001595;-0.0461376;0
0.001596;-0.0464799;0
0.001597;-0.0468137;0
0.001598;-0.0471393;0
0.001599;-0.0474568;0
0.0016;-0.0477665;0
0.001601;-0.0453607;0
0.001602;-0.0417717;0
0.001603;-0.0382712;0
0.001604;-0.0348573;0
0.001605;-0.0315276;0
0.001606;-0.0282801;0
0.001607;-0.0251128;0
0.001608;-0.0220237;0
0.001609;-0.0190109;0
0.00161;-0.0160724;0
0.001611;-0.0132066;0
0.001612;-0.0104114;0
0.001613;-0.00768533;0
0.001614;-0.00502653;0
0.001615;-0.00243337;0
0.001616;9.57564e-05;0
0.001617;0.00256244;0
0.001618;0.00496822;0
0.001619;0.0073146;0
0.00162;0.00960304;0
0.001621;0.011835;0
0.001622;0.0140118;0
0.001623;0.0161349;0
0.001624;0.0182056;0
0.001625;0.0202251;0
0.001626;0.0221948;0
0.001627;0.0241159;0
0.001628;0.0259895;0
0.001629;0.0278168;0
0.00163;0.0295991;0
0.001631;0.0313373;0
0.001632;0.0330326;0
0.001633;0.0346861;0
0.001634;0.0362987;0
0.001635;0.0378715;0
0.001636;0.0394055;0
0.001637;0.0409016;0
0.001638;0.0423608;0
0.001639;0.0437839;0
0.00164;0.0451719;0
0.001641;0.0465256;0
0.001642;0.0478459;0
0.001643;0.0491337;0
0.001644;0.0503896;0
0.001645;0.0516145;0
0.001646;0.0528091;0
0.001647;0.0539743;0
0.001648;0.0551107;0
0.001649;0.056219;0
0.00165;0.0573;0
0.001651;0.0583543;0
0.001652;0.0593825;0
0.001653;0.0603854;0
0.001654;0.0613635;0
0.001655;0.0623175;0
0.001656;0.0632479;0
0.001657;0.0641553;0
0.001658;0.0650403;0
0.001659;0.0659035;0
0.00166;0.0667453;0
0.001661;0.0675664;0
0.001662;0.0683672;0
0.001663;0.0691482;0
0.001664;0.06991;0
0.001665;0.0706529;0
0.001666;0.0713775;0
0.001667;0.0720842;0
0.001668;0.0727735;0
0.001669;0.0734457;0
0.00167;0.0741013;0
0.001671;0.0747408;0
0.001672;0.0753645;0
0.001673;0.0759727;0
0.001674;0.076566;0
0.001675;0.0771446;0
0.001676;0.0777089;0
0.001677;0.0782593;0
0.001678;0.078796;0
0.001679;0.0793196;0
0.00168;0.0798302;0
0.001681;0.0803282;0
0.001682;0.0808139;0
0.001683;0.0812876;0
0.001684;0.0817496;0
0.001685;0.0822002;0
0.001686;0.0826397;0
0.001687;0.0830684;0
0.001688;0.0834864;0
0.001689;0.0838941;0
0.00169;0.0842918;0
0.001691;0.0846796;0
0.001692;0.0850579;0
0.001693;0.0854268;0
0.001694;0.0857867;0
0.001695;0.0861376;0
0.001696;0.0864799;0
0.001697;0.0868137;0
0.001698;0.0871393;0
0.001699;0.0874568;0
0.0017;0.0877665;0
0.001701;0.0853607;0
0.001702;0.0817717;0
0.001703;0.0782712;0
0.001704;0.0748573;0
0.001705;0.0715276;0
0.001706;0.0682801;0
0.001707;0.0651128;0
0.001708;0.0620237;0
0.001709;0.0590109;0
0.00171;0.0560724;0
0.001711;0.0532066;0
0.001712;0.0504114;0
0.001713;0.0476853;0
0.001714;0.0450265;0
0.001715;0.0424334;0
0.001716;0.0399042;0
0.001717;0.0374376;0
0.001718;0.0350318;0
0.001719;0.0326854;0
0.00172;0.030397;0
0.001721;0.028165;0
0.001722;0.0259882;0
0.001723;0.0238651;0
0.001724;0.0217944;0
0.001725;0.0197749;0
0.001726;0.0178052;0
0.001727;0.0158841;0
0.001728;0.0140105;0
0.001729;0.0121832;0
0.00173;0.0104009;0
0.001731;0.00866271;0
0.001732;0.0069674;0
0.001733;0.00531394;0
0.001734;0.00370131;0
0.001735;0.00212849;0
0.001736;0.00059451;0
0.001737;-0.000901597;0
0.001738;-0.00236076;0
0.001739;-0.0037839;0
0.00174;-0.00517191;0
0.001741;-0.00652564;0
0.001742;-0.00784595;0
0.001743;-0.00913365;0
0.001744;-0.0103896;0
0.001745;-0.0116145;0
0.001746;-0.0128091;0
0.001747;-0.0139743;0
0.001748;-0.0151107;0
0.001749;-0.016219;0
0.00175;-0.0173;0
0.001751;-0.0183543;0
0.001752;-0.0193825;0
0.001753;-0.0203854;0
0.001754;-0.0213635;0
0.001755;-0.0223175;0
0.001756;-0.0232479;0
0.001757;-0.0241553;0
0.001758;-0.0250403;0
0.001759;-0.0259035;0
0.00176;-0.0267453;0
0.001761;-0.0275664;0
0.001762;-0.0283672;0
0.001763;-0.0291482;0
0.001764;-0.02991;0
0.001765;-0.0306529;0
0.001766;-0.0313775;0
0.001767;-0.0320842;0
0.001768;-0.0327735;0
0.001769;-0.0334457;0
0.00177;-0.0341013;0
0.001771;-0.0347408;0
0.001772;-0.0353645;0
0.001773;-0.0359727;0
0.001774;-0.036566;0
0.001775;-0.0371446;0
0.001776;-0.0377089;0
0.001777;-0.0382593;0
0.001778;-0.038796;0
0.001779;-0.0393196;0
0.00178;-0.0398302;0
0.001781;-0.0403282;0
0.001782;-0.0408139;0
0.001783;-0.0412876;0
0.001784;-0.0417496;0
0.001785;-0.0422002;0
0.001786;-0.0426397;0
0.001787;-0.0430684;0
0.001788;-0.0434864;0
0.001789;-0.0438941;0
0.00179;-0.0442918;0
0.001791;-0.0446796;0
0.001792;-0.0450579;0
0.001793;-0.0454268;0
0.001794;-0.0457867;0
0.001795;-0.0461376;0
0.001796;-0.0464799;0
0.001797;-0.0468137;0
0.001798;-0.0471393;0
0.001799;-0.0474568;0
0.0018;-0.0477665;0
0.001801;-0.0453607;0
0.001802;-0.0417717;0
0.001803;-0.0382712;0
0.001804;-0.0348573;0
0.001805;-0.0315276;0
0.001806;-0.0282801;0
0.001807;-0.0251128;0
0.001808;-0.0220237;0
0.001809;-0.0190109;0
0.00181;-0.0160724;0
0.001811;-0.0132066;0
0.001812;-0.0104114;0
0.001813;-0.00768533;0
0.001814;-0.00502653;0
0.001815;-0.00243337;0
0.001816;9.57564e-05;0
0.001817;0.00256244;0
0.001818;0.00496822;0
0.001819;0.0073146;0
0.00182;0.00960304;0
0.001821;0.011835;0
0.001822;0.0140118;0
0.001823;0.0161349;0
0.001824;0.0182056;0
0.001825;0.0202251;0
0.001826;0.0221948;0
0.001827;0.0241159;0
0.001828;0.0259895;0
0.001829;0.0278168;0
0.00183;0.0295991;0
0.001831;0.0313373;0
0.001832;0.0330326;0
0.001833;0.0346861;0
0.001834;0.0362987;0
0.001835;0.0378715;0
0.001836;0.0394055;0
0.001837;0.0409016;0
0.001838;0.0423608;0
0.001839;0.0437839;0
0.00184;0.0451719;0
0.001841;0.0465256;0
0.001842;0.0478459;0
0.001843;0.0491337;0
0.001844;0.0503896;0
0.001845;0.0516145;0
0.001846;0.0528091;0
0.001847;0.0539743;0
0.001848;0.0551107;0
0.001849;0.056219;0
0.00185;0.0573;0
0.001851;0.0583543;0
0.001852;0.0593825;0
0.001853;0.0603854;0
0.001854;0.0613635;0
0.001855;0.0623175;0
0.001856;0.0632479;0
0.001857;0.0641553;0
0.001858;0.0650403;0
0.001859;0.0659035;0
0.00186;0.0667453;0
0.001861;0.0675664;0
0.001862;0.0683672;0
0.001863;0.0691482;0
0.001864;0.06991;0
0.001865;0.0706529;0
0.001866;0.0713775;0
0.001867;0.0720842;0
0.001868;0.0727735;0
0.001869;0.0734457;0
0.00187;0.0741013;0
0.001871;0.0747408;0
0.001872;0.0753645;0
0.001873;0.0759727;0
0.001874;0.076566;0
0.001875;0.0771446;0
0.001876;0.0777089;0
0.001877;0.0782593;0
0.001878;0.078796;0
0.001879;0.0793196;0
0.00188;0.0798302;0
0.001881;0.0803282;0
0.001882;0.0808139;0
0.001883;0.0812876;0
0.001884;0.0817496;0
0.001885;0.0822002;0
0.001886;0.0826397;0
0.001887;0.0830684;0
0.001888;0.0834864;0
0.001889;0.0838941;0
0.00189;0.0842918;0
0.001891;0.0846796;0
0.001892;0.0850579;0
0.001893;0.0854268;0
0.001894;0.0857867;0
0.001895;0.0861376;0
0.001896;0.0864799;0
0.001897;0.0868137;0
0.001898;0.0871393;0
0.001899;0.0874568;0
0.0019;0.0877665;0
0.001901;0.0853607;0
0.001902;0.0817717;0
0.001903;0.0782712;0
0.001904;0.0748573;0
0.001905;0.0715276;0
0.001906;0.0682801;0
0.001907;0.0651128;0
0.001908;0.0620237;0
0.001909;0.0590109;0
0.00191;0.0560724;0
0.001911;0.0532066;0
0.001912;0.0504114;0
0.001913;0.0476853;0
0.001914;0.0450265;0
0.001915;0.0424334;0
0.001916;0.0399042;0
0.001917;0.0374376;0
0.001918;0.0350318;0
0.001919;0.0326854;0
0.00192;0.030397;0
0.001921;0.028165;0
0.001922;0.0259882;0
0.001923;0.0238651;0
0.001924;0.0217944;0
0.001925;0.0197749;0
0.001926;0.0178052;0
0.001927;0.0158841;0
0.001928;0.0140105;0
0.001929;0.0121832;0
0.00193;0.0104009;0
0.001931;0.00866271;0
0.001932;0.0069674;0
0.001933;0.00531394;0
0.001934;0.00370131;0
0.001935;0.00212849;0
0.001936;0.00059451;0
0.001937;-0.000901597;0
0.001938;-0.00236076;0
0.001939;-0.0037839;0
0.00194;-0.00517191;0
0.001941;-0.00652564;0
0.001942;-0.00784595;0
0.001943;-0.00913365;0
0.001944;-0.0103896;0
0.001945;-0.0116145;0
0.001946;-0.0128091;0
0.001947;-0.0139743;0
0.001948;-0.0151107;0
0.001949;-0.016219;0
0.00195;-0.0173;0
0.001951;-0.0183543;0
0.001952;-0.0193825;0
0.001953;-0.0203854;0
0.001954;-0.0213635;0
0.001955;-0.0223175;0
0.001956;-0.0232479;0
0.001957;-0.0241553;0
0.001958;-0.0250403;0
0.001959;-0.0259035;0
0.00196;-0.0267453;0
0.001961;-0.0275664;0
0.001962;-0.0283672;0
0.001963;-0.0291482;0
0.001964;-0.02991;0
0.001965;-0.0306529;0
0.001966;-0.0313775;0
0.001967;-0.0320842;0
0.001968;-0.0327735;0
0.001969;-0.0334457;0
0.00197;-0.0341013;0
0.001971;-0.0347408;0
0.001972;-0.0353645;0
0.001973;-0.0359727;0
0.001974;-0.036566;0
0.001975;-0.0371446;0
0.001976;-0.0377089;0
0.001977;-0.0382593;0
0.001978;-0.038796;0
0.001979;-0.0393196;0
0.00198;-0.0398302;0
0.001981;-0.0403282;0
0.001982;-0.0408139;0
0.001983;-0.0412876;0
0.001984;-0.0417496;0
0.001985;-0.0422002;0
0.001986;-0.0426397;0
0.001987;-0.0430684;0
0.001988;-0.0434864;0
0.001989;-0.0438941;0
0.00199;-0.0442918;0
0.001991;-0.0446796;0
0.001992;-0.0450579;0
0.001993;-0.0454268;0
0.001994;-0.0457867;0
0.001995;-0.0461376;0
0.001996;-0.0464799;0
0.001997;-0.0468137;0
0.001998;-0.0471393;0
0.001999;-0.0474568;0
0.002;-0.0477665;0
